order,LC_UNQ,label_unq,USE_NAME,LC5_name,LC5,LC25b,LC96,LC169,label_lev1,label_lev21,label_lev3,label_lev4,label_lev5,label_details,Lev1_name,Lev2_name,Lev3_name,Lev4_name,xnx_stability,LCcrop2,LCcrop2_name,'LCcrop3sm,LCcrop3sm_name,LCcrop4,LCcrop4_name,LCburn2,LCburn2_name,LCburn4,LCburn4_name,LC_crops,LC_crops_name,GRAZABLE,GRASS_OBS,LC5crop4,LC5crop4_name,LC9,LC9_name,LC8,LC8_name,LC15C,LC15C_name,LC18C,LC18C_name,LC25C,LC25C_name,LC33C,LC33C_name,LC15G,LC15G_name,LC18G,LC18G_name,LC25G,LC25G_name,LC20G,LC20G_name
1,-100,         not crop,NoCrop,noData,0,0,0,0,,not crop,,,,for simple data checking exercises where only crop-noCrop is needed,NoCrop,NoCrop,NoCrop,NoCrop,5,-100,No crop,-100,No crop,-100,No crop,0,nodata,0,nodata,0,nodata,0,0,0,nodata,0,unknown,0,unknown,0,nodata,0,nodata,0,nodata,0,nodata,0,nodata,0,nodata,0,nodata,0,nodata
2,-8,            cloud shadow,cloud_shadow,noData,0,0,0,0,,,,,cloud shadow,"only needed for ML masking models. Otherwise, use 0 in landcover is never observed",noData,mask,mask,mask,0,0,nodata,0,nodata,0,nodata,0,nodata,0,nodata,0,nodata,0,0,0,nodata,0,unknown,0,unknown,0,nodata,0,nodata,0,nodata,0,nodata,0,nodata,0,nodata,0,nodata,0,nodata
3,-4,            cloud,cloud,noData,0,0,0,0,,,,,cloud,"only needed for ML masking models. Otherwise, use 0 in landcover is never observed",noData,mask,mask,mask,0,0,nodata,0,nodata,0,nodata,0,nodata,0,nodata,0,nodata,0,0,0,nodata,0,unknown,0,unknown,0,nodata,0,nodata,0,nodata,0,nodata,0,nodata,0,nodata,0,nodata,0,nodata
4,-2,            haze,haze,noData,0,0,0,0,,,,,haze,"only needed for ML masking models. Otherwise, use 0 in landcover is never observed",noData,mask,mask,haze,0,0,nodata,0,nodata,0,nodata,0,nodata,0,nodata,0,nodata,0,0,0,nodata,0,unknown,0,unknown,0,nodata,0,nodata,0,nodata,0,nodata,0,nodata,0,nodata,0,nodata,0,nodata
5,-1,       Mask,mask,noData,0,0,0,0,,Mask,,,,Individual image mask -- converted to nodata in processing,noData,mask,mask,mask,0,0,nodata,0,nodata,0,nodata,0,nodata,0,nodata,0,nodata,0,0,0,nodata,0,unknown,0,unknown,0,nodata,0,nodata,0,nodata,0,nodata,0,nodata,0,nodata,0,nodata,0,nodata
6,0,nodata or unknown,noData,noData,0,0,0,0,nodata or unknown,,,,, ------ (this is just a placeholder for pixels not yet inspected), ------, ------, ------, ------,0,0, ------,0, ------,0, ------,0, ------,0, ------,0, ------,0,0,0, ------,0, ------,0, ------,0, ------,0, ------,0, ------,0, ------,0, ------,0, ------,0, ------,0, ------
9,1,          ice or permanent snow,ice_perm,NoVeg,10,20,1,1,,,ice or permanent snow,,,,NoVeg,NoVeg_Bare,ice,ice_perm,10,-100,No crop,-100,No crop,-100,No crop,255,No-burn,255,No-burn,-100,No crop,0,0,10,NoVeg,10,NoVeg_Bare,10,NoVeg_Bare,10,NoVeg_Bare,10,NoVeg_Bare,10,NoVeg_Bare,10,NoVeg_Bare,20,bare,0,nodata,0,nodata,20,bare
13,2,sand or rock,sand_rock,NoVeg,10,20,2,2,,,sand or rock,,,,NoVeg,NoVeg_Bare,sand or rock,sand_rock,5,-100,No crop,-100,No crop,-100,No crop,255,No-burn,255,No-burn,-100,No crop,0,0,10,NoVeg,10,NoVeg_Bare,10,NoVeg_Bare,10,NoVeg_Bare,10,NoVeg_Bare,10,NoVeg_Bare,2,rockSand_dry,20,bare,2,rockSand_dry,2,rockSand_dry,20,bare
17,3,                rock quarry,rock_quarry,NoVeg,10,20,2,5,,,,,rock quarry,,NoVeg,NoVeg_Bare,sand or rock,rock,5,-100,No crop,-100,No crop,-100,No crop,255,No-burn,255,No-burn,-100,No crop,0,0,10,NoVeg,10,NoVeg_Bare,10,NoVeg_Bare,10,NoVeg_Bare,10,NoVeg_Bare,10,NoVeg_Bare,2,rockSand_dry,20,bare,2,rockSand_dry,2,rockSand_dry,20,bare
10,4,"          water body, frozen at observation",ice_temp,NoVeg,10,40,40,4,,,"water body, frozen at observation",,,,NoVeg,NoVeg_Bare,ice,ice_temp,10,-100,No crop,-100,No crop,-100,No crop,255,No-burn,255,No-burn,-100,No crop,0,0,10,NoVeg,10,NoVeg_Bare,10,NoVeg_Bare,10,NoVeg_Bare,10,NoVeg_Bare,10,NoVeg_Bare,10,NoVeg_Bare,20,bare,0,nodata,0,nodata,20,bare
14,5,          rock,rock_any,NoVeg,10,20,2,5,,,,rock,,,NoVeg,NoVeg_Bare,sand or rock,rock,5,-100,No crop,-100,No crop,-100,No crop,255,No-burn,255,No-burn,-100,No crop,0,0,10,NoVeg,10,NoVeg_Bare,10,NoVeg_Bare,10,NoVeg_Bare,10,NoVeg_Bare,10,NoVeg_Bare,2,rockSand_dry,20,bare,2,rockSand_dry,2,rockSand_dry,20,bare
15,6,"                rock, slab, natural (e.g. montane)",rock_slab,NoVeg,10,20,2,5,,,,,"rock, slab, natural (e.g. montane)",,NoVeg,NoVeg_Bare,sand or rock,rock,5,-100,No crop,-100,No crop,-100,No crop,255,No-burn,255,No-burn,-100,No crop,0,0,10,NoVeg,10,NoVeg_Bare,10,NoVeg_Bare,10,NoVeg_Bare,10,NoVeg_Bare,10,NoVeg_Bare,2,rockSand_dry,20,bare,2,rockSand_dry,2,rockSand_dry,20,bare
34,7,                     tilled soil or recently planted crop,ag_tilled,NoVeg,10,20,17,17,,,,      tilled soil  or  recently planted crop,,,NoVeg,NoVeg_Bare,ag_bare,ag_tilled,0,-100,No crop,-100,No crop,-100,No crop,255,No-burn,255,No-burn,-100,No crop,0,0,10,NoVeg,10,NoVeg_Bare,10,NoVeg_Bare,10,NoVeg_Bare,10,NoVeg_Bare,10,NoVeg_Bare,22,dirt,20,bare,22,dirt,22,dirt_other,20,bare
11,8,          temporarily covered in snow,snow_temp,noData,0,0,0,8,,,temporarily covered in snow,,,,noData,noData,snow,snow_temp,0,0,nodata,0,nodata,0,nodata,0,nodata,0,nodata,0,nodata,0,0,0,noData,0,unknown,0,unknown,0,nodata,0,nodata,0,nodata,0,nodata,20,bare,0,nodata,0,nodata,20,bare
28,9,                       deep bare gully or ravine or 'donga',bare_gully,NoVeg,10,20,22,29,,,,,deep bare gully or ravine or 'donga',,NoVeg,NoVeg_Bare,dirt,bare_erosion,3,-100,No crop,-100,No crop,-100,No crop,255,No-burn,255,No-burn,-100,No crop,0,0,10,NoVeg,10,NoVeg_Bare,10,NoVeg_Bare,10,NoVeg_Bare,10,NoVeg_Bare,10,NoVeg_Bare,22,dirt,20,bare,22,dirt,9,bare_gully,20,bare
7,10,NoVeg,NoVeg_any,NoVeg,10,10,10,10,NoVeg,,,,,"nonvegetated area (<20% veg) -- unknown if water, bare or built",NoVeg,NoVeg_any,NoVeg_any,NoVeg_any,1,-100,No crop,-100,No crop,-100,No crop,255,No-burn,255,No-burn,0,nodata,0,0,10,NoVeg,10,NoVeg_Bare,10,NoVeg_Bare,10,NoVeg_Bare,10,NoVeg_Bare,10,NoVeg_Bare,10,NoVeg_Bare,0,nodata,0,nodata,0,nodata,0,nodata
19,11,"                dry sand, (no regular flooding)",sand_dry,NoVeg,10,20,2,12,,,,,"dry sand, (no regular flooding)","natural, no regular tidal or seasonal flooding",NoVeg,NoVeg_Bare,sand or rock,sand,5,-100,No crop,-100,No crop,-100,No crop,255,No-burn,255,No-burn,-100,No crop,0,0,10,NoVeg,10,NoVeg_Bare,10,NoVeg_Bare,10,NoVeg_Bare,10,NoVeg_Bare,10,NoVeg_Bare,2,rockSand_dry,20,bare,2,rockSand_dry,2,rockSand_dry,20,bare
18,12,          sand,sand_any,NoVeg,10,20,2,12,,,,sand,,,NoVeg,NoVeg_Bare,sand or rock,sand,5,-100,No crop,-100,No crop,-100,No crop,255,No-burn,255,No-burn,-100,No crop,0,0,10,NoVeg,10,NoVeg_Bare,10,NoVeg_Bare,10,NoVeg_Bare,10,NoVeg_Bare,10,NoVeg_Bare,2,rockSand_dry,20,bare,2,rockSand_dry,2,rockSand_dry,20,bare
24,13,                bare  developed (residential  or  rd  or  infrastructure),dirt_dev,NoVeg,10,20,22,13,,,,bare dirt - developed (residential  or  rd  or  infrastructure,,,NoVeg,NoVeg_Bare,dirt,dirt_dev,3,-100,No crop,-100,No crop,-100,No crop,255,No-burn,255,No-burn,-100,No crop,0,0,10,NoVeg,10,NoVeg_Bare,10,NoVeg_Bare,10,NoVeg_Bare,10,NoVeg_Bare,10,NoVeg_Bare,22,dirt,20,bare,22,dirt,22,dirt_other,20,bare
21,14,                 tidal or sandy or rocky littoral zone,rockSand_wet,NoVeg,10,20,2,14,,,,tidal or sandy or rocky littoral zone,,both water and dry in year - tidal zone or river bed,NoVeg,NoVeg_Bare,sand or rock,wetdry_bare,5,-100,No crop,-100,No crop,-100,No crop,255,No-burn,255,No-burn,-100,No crop,0,0,10,NoVeg,10,NoVeg_Bare,10,NoVeg_Bare,10,NoVeg_Bare,10,NoVeg_Bare,10,NoVeg_Bare,14,rockSand_wet,14,bare_wetdry,14,rockSand_wet,14,rockSand_wet,20,bare
26,15,"                 natural, long term bare area",dirt_nat,NoVeg,10,20,22,15,,,,"bare dirt, natural, long term",,,NoVeg,NoVeg_Bare,dirt,dirt_nat,5,-100,No crop,-100,No crop,-100,No crop,255,No-burn,255,No-burn,-100,No crop,0,0,10,NoVeg,10,NoVeg_Bare,10,NoVeg_Bare,10,NoVeg_Bare,10,NoVeg_Bare,10,NoVeg_Bare,22,dirt,20,bare,22,dirt,22,dirt_other,20,bare
29,16,"                 crusted soil, e.g. glacis",glacis,NoVeg,10,20,22,16,,,,"crusted soil, e.g. glacis",,,NoVeg,NoVeg_Bare,dirt,glacis,3,-100,No crop,-100,No crop,-100,No crop,255,No-burn,255,No-burn,-100,No crop,0,0,10,NoVeg,10,NoVeg_Bare,10,NoVeg_Bare,10,NoVeg_Bare,10,NoVeg_Bare,10,NoVeg_Bare,22,dirt,20,bare,22,dirt,22,dirt_other,20,bare
32,17,            temporarily bare - ag rest of year ,ag_bare_any,NoVeg,10,20,17,17,,,temporary bare - ag rest of year ,,,"For snapshot classification; for annual classification, use crop class",NoVeg,NoVeg_Bare,ag_bare,ag_bare_any,0,-100,No crop,-100,No crop,-100,No crop,255,No-burn,255,No-burn,-100,No crop,0,0,10,NoVeg,10,NoVeg_Bare,10,NoVeg_Bare,10,NoVeg_Bare,10,NoVeg_Bare,10,NoVeg_Bare,22,dirt,20,bare,22,dirt,22,dirt_other,20,bare
22,18,                 salt bed,saltbed,NoVeg,10,20,2,14,,,,,salt bed,dry at observation or fluctuating wet or dry in a composite,NoVeg,NoVeg_Bare,saltbed_dry,saltbed_dry,5,-100,No crop,-100,No crop,-100,No crop,255,No-burn,255,No-burn,-100,No crop,0,0,10,NoVeg,10,NoVeg_Bare,10,NoVeg_Bare,10,NoVeg_Bare,10,NoVeg_Bare,10,NoVeg_Bare,2,rockSand_dry,14,bare_wetdry,14,rockSand_wet,14,rockSand_wet,14,bare_wetdry
20,19,                  desertification,desertification,NoVeg,10,20,2,12,,,,,desertification,"sandy bare soil, had vegetation in past",NoVeg,NoVeg_Bare,sand or rock,sand,3,-100,No crop,-100,No crop,-100,No crop,255,No-burn,255,No-burn,-100,No crop,0,0,10,NoVeg,10,NoVeg_Bare,10,NoVeg_Bare,10,NoVeg_Bare,10,NoVeg_Bare,10,NoVeg_Bare,2,rockSand_dry,20,bare,2,rockSand_dry,2,rockSand_dry,20,bare
8,20,     NoVeg_Bare,bare,NoVeg,10,20,20,20,,NoVeg_Bare,,,,Bare soil or rock or sand throughout the year (NOT part of crop cycle),NoVeg,NoVeg_Bare,bare,bare,3,-100,No crop,-100,No crop,-100,No crop,255,No-burn,255,No-burn,-100,No crop,0,0,10,NoVeg,10,NoVeg_Bare,10,NoVeg_Bare,10,NoVeg_Bare,10,NoVeg_Bare,10,NoVeg_Bare,22,dirt,20,bare,0,nodata,0,nodata,20,bare
25,21,                        dirt road,road_dirt,NoVeg,10,20,22,13,,,,,     dirt road,,NoVeg,NoVeg_Bare,dirt,dirt_dev,5,-100,No crop,-100,No crop,-100,No crop,255,No-burn,255,No-burn,-100,No crop,0,0,10,NoVeg,10,NoVeg_Bare,10,NoVeg_Bare,10,NoVeg_Bare,10,NoVeg_Bare,10,NoVeg_Bare,22,dirt,20,bare,22,dirt,22,dirt_other,20,bare
23,22,          bare dirt,dirt_any,NoVeg,10,20,22,22,,,bare dirt,,,,NoVeg,NoVeg_Bare,dirt_any,dirt_any,3,-100,No crop,-100,No crop,-100,No crop,255,No-burn,255,No-burn,-100,No crop,0,0,10,NoVeg,10,NoVeg_Bare,10,NoVeg_Bare,10,NoVeg_Bare,10,NoVeg_Bare,10,NoVeg_Bare,22,dirt,20,bare,22,dirt,22,dirt_other,20,bare
30,23,            developed village area ,village,NoVeg,10,30,23,23,,,developed village area,,,mostly mud or thatched materials,NoVeg,NoVeg_Built,village,village,3,-100,No crop,-100,No crop,-100,No crop,255,No-burn,255,No-burn,-100,No crop,0,0,10,NoVeg,10,NoVeg_Bare,10,NoVeg_Bare,10,NoVeg_Bare,10,NoVeg_Bare,10,NoVeg_Bare,10,NoVeg_Bare,20,bare,22,dirt,22,dirt_other,20,bare
31,24,            mudflat,mudflat,NoVeg,10,20,24,24,,,mudflat,,,,NoVeg,NoVeg_Bare,mudflat,mudflat,5,-100,No crop,-100,No crop,-100,No crop,255,No-burn,255,No-burn,-100,No crop,0,0,10,NoVeg,10,NoVeg_Bare,10,NoVeg_Bare,10,NoVeg_Bare,10,NoVeg_Bare,10,NoVeg_Bare,14,rockSand_wet,20,bare,22,dirt,22,dirt_other,20,bare
16,25,                gravel  or  small rocks,rock_gravel,NoVeg,10,20,2,5,,,,,gravel  or  small rocks,,NoVeg,NoVeg_Bare,sand or rock,rock,5,-100,No crop,-100,No crop,-100,No crop,255,No-burn,255,No-burn,-100,No crop,0,0,10,NoVeg,10,NoVeg_Bare,10,NoVeg_Bare,10,NoVeg_Bare,10,NoVeg_Bare,10,NoVeg_Bare,2,rockSand_dry,20,bare,2,rockSand_dry,2,rockSand_dry,20,bare
33,26,                     harvested crop,ag_harvested,NoVeg,10,20,17,17,,,,      harvested crop - cuttings or crop residue present,,cuttings or crop residue present,NoVeg,NoVeg_Bare,ag_bare,ag_harvested,0,100,crop,0,noData,0,noData,255,No-burn,255,No-burn,-100,No crop,0,0,10,NoVeg,10,NoVeg_Bare,10,NoVeg_Bare,10,NoVeg_Bare,10,NoVeg_Bare,10,NoVeg_Bare,22,dirt,20,bare,22,dirt,22,dirt_other,20,bare
35,27,            cleared - previously med-HighVeg,cleared,NoVeg,10,20,27,27,,,cleared - previously med-HighVeg,,,"Med or High vegetation has been cleared witin the year, but no other land use is evident. Debris  or  dead veg usually visible",NoVeg,NoVeg_Bare,cleared,cleared,1,0,noData,0,noData,0,noData,255,No-burn,255,No-burn,-100,No crop,0,0,10,NoVeg,10,NoVeg_Bare,10,NoVeg_Bare,10,NoVeg_Bare,10,NoVeg_Bare,27,Cleared,27,Cleared,50,mixed_LowNo,66,low_other,66,low_other,66,low_other
12,28,          heavily shaded no or low veg,shade,noData,0,0,0,28,,,heavily shaded no or low veg,,,"shaded by landscape  or  structures on ground, not clouds",noData,noData,noData,shade,0,0,nodata,0,nodata,0,nodata,0,nodata,0,nodata,0,nodata,0,0,0,noData,0,unknown,0,unknown,0,nodata,0,nodata,0,nodata,0,nodata,0,nodata,0,nodata,0,nodata,0,nodata
27,29,                 erosion  or  landslide,bare_erosion,NoVeg,10,20,22,29,,,,"bare dirt, from erosion  or  landslide",,,NoVeg,NoVeg_Bare,dirt,bare_erosion,1,-100,No crop,-100,No crop,-100,No crop,255,No-burn,255,No-burn,-100,No crop,0,0,10,NoVeg,10,NoVeg_Bare,10,NoVeg_Bare,10,NoVeg_Bare,10,NoVeg_Bare,10,NoVeg_Bare,22,dirt,20,bare,22,dirt,29,bare_erosion,20,bare
36,30,     NoVeg_Built,built,NoVeg,10,30,30,30,,NoVeg_Built,,,,,NoVeg,NoVeg_Built,built,built,10,-100,No crop,-100,No crop,-100,No crop,255,No-burn,255,No-burn,-100,No crop,0,0,10,NoVeg,30,NoVeg_Built,30,NoVeg_Built,30,NoVeg_Built,30,NoVeg_Built,30,NoVeg_Built,30,NoVeg_Built,30,built,30,built,30,built,30,built
38,31,                 paved road,road_paved,NoVeg,10,30,31,31,,,,paved road,,,NoVeg,NoVeg_Built,concrete,road_paved,10,-100,No crop,-100,No crop,-100,No crop,255,No-burn,255,No-burn,-100,No crop,0,0,10,NoVeg,30,NoVeg_Built,30,NoVeg_Built,30,NoVeg_Built,30,NoVeg_Built,30,NoVeg_Built,30,NoVeg_Built,30,built,30,built,30,built,30,built
37,32,           concrete or pavement or asphalt,concrete_any,NoVeg,10,30,33,33,,,concrete or pavement or asphalt,,,,NoVeg,NoVeg_Built,concrete,concrete_any,10,-100,No crop,-100,No crop,-100,No crop,255,No-burn,255,No-burn,-100,No crop,0,0,10,NoVeg,30,NoVeg_Built,30,NoVeg_Built,30,NoVeg_Built,30,NoVeg_Built,30,NoVeg_Built,30,NoVeg_Built,30,built,30,built,30,built,30,built
43,33,"           mixed development,  industrial",built_mix_highden,NoVeg,10,30,33,33,,,mixed industrial,,,"80-100% mixed built material (typically commercial or industrial, but depends on resolution)",NoVeg,NoVeg_Built,built_mix_highden,built_mix_highden,10,-100,No crop,-100,No crop,-100,No crop,255,No-burn,255,No-burn,-100,No crop,0,0,10,NoVeg,30,NoVeg_Built,30,NoVeg_Built,30,NoVeg_Built,30,NoVeg_Built,30,NoVeg_Built,30,NoVeg_Built,30,built,30,built,30,built,30,built
39,34,          bridge or port or dock,bridge,NoVeg,10,30,34,34,,,bridge or port or dock,,,both water and built in pixel,NoVeg,NoVeg_Built,concrete,bridge,10,-100,No crop,-100,No crop,-100,No crop,255,No-burn,255,No-burn,-100,No crop,0,0,10,NoVeg,30,NoVeg_Built,30,NoVeg_Built,30,NoVeg_Built,30,NoVeg_Built,30,NoVeg_Built,30,NoVeg_Built,30,built,30,built,30,built,30,built
41,35,                zinc - tin roofing,metal,NoVeg,10,30,32,35,,,,zinc - tin roofing,,80-100% built materials,NoVeg,NoVeg_Built,roofing,metal,10,-100,No crop,-100,No crop,-100,No crop,255,No-burn,255,No-burn,-100,No crop,0,0,10,NoVeg,30,NoVeg_Built,30,NoVeg_Built,30,NoVeg_Built,30,NoVeg_Built,30,NoVeg_Built,30,NoVeg_Built,30,built,30,built,30,built,30,built
42,36,"          mixed development, medium intsensity",built_mix_medden,NoVeg,10,30,36,36,,,"mixed development, medium intsensity",,,"50-79% built material (typically residential, but depends on resolution)",NoVeg,NoVeg_Built,built_mix_medden,built_mix_medden,10,-100,No crop,-100,No crop,-100,No crop,255,No-burn,255,No-burn,-100,No crop,0,0,10,NoVeg,30,NoVeg_Built,30,NoVeg_Built,30,NoVeg_Built,30,NoVeg_Built,30,NoVeg_Built,30,NoVeg_Built,30,built,30,built,30,built,30,built
44,37,           irrigation or drainage infrastructure,aqua_infrastructure,NoVeg,10,30,37,37,,,irrigation or drainage infrastructure,,,,NoVeg,NoVeg_Built,built_aquainfrastruct,aqua_infrastructure,10,-100,No crop,-100,No crop,-100,No crop,255,No-burn,255,No-burn,-100,No crop,0,0,10,NoVeg,30,NoVeg_Built,30,NoVeg_Built,30,NoVeg_Built,30,NoVeg_Built,30,NoVeg_Built,30,NoVeg_Built,30,built,30,built,30,built,30,built
40,38,"          roofing materials (non-metal, mixed or unknown) ",roof,NoVeg,10,30,38,38,,,"roofing materials (non-metal, mixed or unknown) ",,,,NoVeg,NoVeg_Built,roofing,roof,10,-100,No crop,-100,No crop,-100,No crop,255,No-burn,255,No-burn,-100,No crop,0,0,10,NoVeg,30,NoVeg_Built,30,NoVeg_Built,30,NoVeg_Built,30,NoVeg_Built,30,NoVeg_Built,30,NoVeg_Built,30,built,30,built,30,built,30,built
45,39,"           mining or extraction pit, dry",mine,NoVeg,10,30,39,39,,,"mining or extraction pit, dry",,,,NoVeg,NoVeg_Built,built_mining,mine,10,-100,No crop,-100,No crop,-100,No crop,255,No-burn,255,No-burn,-100,No crop,0,0,10,NoVeg,30,NoVeg_Built,30,NoVeg_Built,30,NoVeg_Built,30,NoVeg_Built,30,NoVeg_Built,30,NoVeg_Built,30,built,30,built,30,built,30,built
46,40,     NoVeg_Water,water,NoVeg,10,40,40,40,,NoVeg_Water,,,,,NoVeg,NoVeg_Water,water,water,10,-100,No crop,-100,No crop,-100,No crop,255,No-burn,255,No-burn,-100,No crop,0,0,10,NoVeg,40,NoVeg_Water,40,NoVeg_Water,40,NoVeg_Water,40,NoVeg_Water,40,NoVeg_Water,40,NoVeg_Water,40,water,40,water,40,water,40,water
48,41,            river,river,NoVeg,10,40,41,41,,,river,,,,NoVeg,NoVeg_Water,river,river,10,-100,No crop,-100,No crop,-100,No crop,255,No-burn,255,No-burn,-100,No crop,0,0,10,NoVeg,40,NoVeg_Water,40,NoVeg_Water,40,NoVeg_Water,40,NoVeg_Water,40,NoVeg_Water,40,NoVeg_Water,40,water,40,water,40,water,40,water
47,42,            ocean,ocean,NoVeg,10,40,42,42,,,ocean,,,,NoVeg,NoVeg_Water,ocean,ocean,10,-100,No crop,-100,No crop,-100,No crop,255,No-burn,255,No-burn,-100,No crop,1,0,10,NoVeg,40,NoVeg_Water,40,NoVeg_Water,40,NoVeg_Water,40,NoVeg_Water,40,NoVeg_Water,40,NoVeg_Water,40,water,40,water,40,water,40,water
49,43,            swimming pool,pool_urban,NoVeg,10,40,43,43,,,swimming pool,,,,NoVeg,NoVeg_Water,pool,pool_urban,10,-100,No crop,-100,No crop,-100,No crop,255,No-burn,255,No-burn,-100,No crop,0,0,10,NoVeg,40,NoVeg_Water,40,NoVeg_Water,40,NoVeg_Water,40,NoVeg_Water,40,NoVeg_Water,40,NoVeg_Water,40,water,40,water,40,water,40,water
50,44,             seasonal pond,water_seasonal,NoVeg,10,40,44,44,,,seasonal pond,,,wet at least 4 months of year,NoVeg,NoVeg_Water,water_seasonal,water_seasonal,10,-100,No crop,-100,No crop,-100,No crop,255,No-burn,255,No-burn,-100,No crop,0,0,10,NoVeg,40,NoVeg_Water,40,NoVeg_Water,40,NoVeg_Water,40,NoVeg_Water,40,NoVeg_Water,40,NoVeg_Water,40,water,40,water,40,water,40,water
51,45,             lake or pond,lake,NoVeg,10,40,45,45,,,lake or pond,,,water is present in pixel all year,NoVeg,NoVeg_Water,lake,lake,10,-100,No crop,-100,No crop,-100,No crop,255,No-burn,255,No-burn,-100,No crop,1,1,10,NoVeg,40,NoVeg_Water,40,NoVeg_Water,40,NoVeg_Water,40,NoVeg_Water,40,NoVeg_Water,40,NoVeg_Water,40,water,40,water,40,water,40,water
52,46,             estuarie or brackish water,estuarie,NoVeg,10,40,46,46,,,estuarie or brackish water,,,,NoVeg,NoVeg_Water,estuarie,estuarie,10,-100,No crop,-100,No crop,-100,No crop,255,No-burn,255,No-burn,-100,No crop,1,1,10,NoVeg,40,NoVeg_Water,40,NoVeg_Water,40,NoVeg_Water,40,NoVeg_Water,40,NoVeg_Water,40,NoVeg_Water,40,water,40,water,40,water,40,water
53,47,             aquaculture,aquaculture,NoVeg,10,40,47,47,,,aquaculture,,,,NoVeg,NoVeg_Water,aquaculture,aquaculture,5,-100,No crop,-100,No crop,-100,No crop,255,No-burn,255,No-burn,-100,No crop,1,1,10,NoVeg,40,NoVeg_Water,40,NoVeg_Water,40,NoVeg_Water,40,NoVeg_Water,40,NoVeg_Water,40,NoVeg_Water,40,water,40,water,40,water,40,water
54,48,             unusual flooding,flooded,NoVeg,10,40,48,48,,,unusual flooding,,,,NoVeg,NoVeg_Water,flooded,flooded,0,-100,No crop,-100,No crop,-100,No crop,255,No-burn,255,No-burn,-100,No crop,1,0,10,NoVeg,40,NoVeg_Water,40,NoVeg_Water,40,NoVeg_Water,40,NoVeg_Water,40,NoVeg_Water,40,NoVeg_Water,40,water,40,water,40,water,40,water
55,49,           mining or extraction or toxic waste pool (wet),pool_industrial,NoVeg,10,40,49,49,,,mining or extraction or toxic waste pool (wet),,,,NoVeg,NoVeg_Built,built_mining,pool_industrial,5,-100,No crop,-100,No crop,-100,No crop,255,No-burn,255,No-burn,-100,No crop,1,1,10,NoVeg,40,NoVeg_Water,40,NoVeg_Water,40,NoVeg_Water,40,NoVeg_Water,40,NoVeg_Water,40,NoVeg_Water,40,water,40,water,40,water,40,water
56,50,       Mixed_LowVegNoVeg,mixed_LowNo,NoVeg,10,50,50,50,,Mixed_LowVegNoVeg,,,,>20% NoVeg_bareorbuilt and >30% LowVeg (and not Built or TreePlant_new) ,NoVeg,Mixed_LowNo,mixed_LowNo,mixed_LowNo,5,-100,No crop,-100,No crop,-100,No crop,255,No-burn,255,No-burn,-100,No crop,1,1,10,NoVeg,70,lowOther,70,lowOther,50,mixedVeg_noCrop,50,mixedVeg_noCrop,50,mixedVeg_noCrop,50,mixedVeg_noCrop,50,mixed_LowNo,0,nodata,0,nodata,50,mixed_LowNo
61,51,                   mixed-path,mixed_path,NoVeg,10,50,70,55,,,,mixed-path,,bare patches follow linear pattern -- veg could be other low or even med depending on mapping purpose,NoVeg,Mixed_LowNo,mixed_path,mixed_path,5,-100,No crop,-100,No crop,-100,No crop,255,No-burn,255,No-burn,-100,No crop,1,0,10,NoVeg,70,lowOther,70,lowOther,50,mixedVeg_noCrop,51,Mixed-path,51,Mixed-path,51,Mixed-path,50,mixed_LowNo,55,grass_bare,51,mixed_path,51,mixed_path
57,52,             rock with some vegetation,rock_veg,NoVeg,10,50,58,52,,,rock with some vegetation,,,>=50% rock with >=30% low vegetation or 5-30% high vegetation,NoVeg,Mixed_LowNo,rock_veg,rock_veg,5,-100,No crop,-100,No crop,-100,No crop,255,No-burn,255,No-burn,-100,No crop,0,0,10,NoVeg,70,lowOther,70,lowOther,50,mixedVeg_noCrop,50,mixedVeg_noCrop,50,mixedVeg_noCrop,55,grass_bare,20,bare,2,rockSand_dry,2,rockSand_dry,20,bare
58,53,"             developed, low intensity",built_mix_lowden,NoVeg,10,50,53,53,,,"developed, low intensity",,,20-50% impervious surface,NoVeg,Mixed_LowNo,built_mix_lowden,built_mix_lowden,5,-100,No crop,-100,No crop,-100,No crop,255,No-burn,255,No-burn,-100,No crop,1,0,10,NoVeg,70,lowOther,70,lowOther,50,mixedVeg_noCrop,50,mixedVeg_noCrop,50,mixedVeg_noCrop,55,grass_bare,50,mixed_LowNo,0,nodata,0,nodata,50,mixed_LowNo
66,54,             seagrass,seagrass,LowVeg,60,50,54,54,,,seagrass,,,,LowVeg,Mixed_LowNo,seagrass,seagrass,5,-100,No crop,-100,No crop,-100,No crop,255,No-burn,255,No-burn,-100,No crop,1,0,60,LowVeg,70,lowOther,70,lowOther,50,mixedVeg_noCrop,50,mixedVeg_noCrop,50,mixedVeg_noCrop,55,grass_bare,66,low_other,66,low_other,66,low_other,66,low_other
60,55,             mixed low veg and bare,grass_bare,NoVeg,10,50,70,55,,,grass with bare,,,>30% NoVeg_bareorbuilt and >30% LowVeg (and not Built or TreePlant_new) ,NoVeg,Mixed_LowNo,grass_any,grass_bare,5,-100,No crop,-100,No crop,-100,No crop,255,No-burn,255,No-burn,-100,No crop,1,0,10,NoVeg,70,lowOther,70,lowOther,50,mixedVeg_noCrop,50,mixedVeg_noCrop,50,mixedVeg_noCrop,55,grass_bare,50,mixed_LowNo,55,grass_bare,55,grass_bare,55,grass_bare
67,56,             low littoral vegetation,water_edge,LowVeg,60,50,56,56,,,low littoral vegetation,,,">30% water and >30% low veg, or low, littoral vegetation that is flooded during year",LowVeg,Mixed_LowNo,water_edge,water_edge,5,-100,No crop,-100,No crop,-100,No crop,255,No-burn,255,No-burn,-100,No crop,0,0,60,LowVeg,70,lowOther,70,lowOther,50,mixedVeg_noCrop,50,mixedVeg_noCrop,50,mixedVeg_noCrop,55,grass_bare,66,low_other,66,low_other,66,low_other,66,low_other
59,57,"             developed, open space",mixed_low_built,NoVeg,10,50,57,57,,,"developed, open space",,,"mostly low veg or bare, but up tp 20% built material",NoVeg,Mixed_LowNo,mixed_low_built,mixed_low_built,5,-100,No crop,-100,No crop,-100,No crop,255,No-burn,255,No-burn,-100,No crop,0,0,10,NoVeg,70,lowOther,70,lowOther,50,mixedVeg_noCrop,50,mixedVeg_noCrop,50,mixedVeg_noCrop,55,grass_bare,50,mixed_LowNo,0,nodata,0,nodata,50,mixed_LowNo
62,58,                   grass with patches of bare soil,grass_bare,LowVeg,60,50,70,55,,,,grass with patches of bare soil,,>=50% grass with >=30% bare,LowVeg,Mixed_LowNo,grass_any,grass_bare,5,-100,No crop,-100,No crop,-100,No crop,255,No-burn,255,No-burn,-100,No crop,1,0,60,LowVeg,70,lowOther,70,lowOther,50,mixedVeg_noCrop,50,mixedVeg_noCrop,50,mixedVeg_noCrop,55,grass_bare,50,mixed_LowNo,55,grass_bare,55,grass_bare,55,grass_bare
68,59,             tumbleweed,tumbleweed,LowVeg,60,50,59,59,,,tumbleweed,,,,LowVeg,Mixed_LowNo,tumbleweed,tumbleweed,0,-100,No crop,-100,No crop,-100,No crop,255,No-burn,255,No-burn,-100,No crop,1,0,60,LowVeg,70,lowOther,70,lowOther,50,mixedVeg_noCrop,50,mixedVeg_noCrop,50,mixedVeg_noCrop,55,grass_bare,66,low_other,66,low_other,66,low_other,66,low_other
69,60,LowVeg,LowVeg_any,LowVeg,60,60,60,60,LowVeg,,,,,,LowVeg,LowVeg_any,LowVeg_any,LowVeg_any,5,-100,No crop,-100,No crop,-100,No crop,255,No-burn,255,No-burn,-100,No crop,1,0,60,LowVeg,70,lowOther,70,lowOther,60,LowVeg_noCrop,60,LowVeg_noCrop,60,LowVeg_noCrop,60,LowVeg_noCrop,0,nodata,0,nodata,0,nodata,0,nodata
74,61,              riparian herbacious vegetation,rip_low,LowVeg,60,64,64,64,,,riparian herbacious vegetation,,,"not much water present and not regularly flooded, but along stream or runoff channel",LowVeg,LowVeg_wet,LowVeg_wet,rip_low,5,-100,No crop,-100,No crop,-100,No crop,255,No-burn,255,No-burn,-100,No crop,1,0,60,LowVeg,64,LowVeg_wet,64,LowVeg_wet,60,LowVeg_noCrop,60,LowVeg_noCrop,64,LowVeg_wet,64,LowVeg_wet,64,low_wet,64,low_wet,64,low_wet,64,low_wet
71,62,              coastal strand or scrub,LowVeg_coastal,LowVeg,60,66,62,62,,,coastal strand or scrub,,,,LowVeg,LowVeg_nongrass,LowVeg_nongrass,LowVeg_coastal,5,-100,No crop,-100,No crop,-100,No crop,255,No-burn,255,No-burn,-100,No crop,1,1,60,LowVeg,64,LowVeg_wet,64,LowVeg_wet,60,LowVeg_noCrop,60,LowVeg_noCrop,64,LowVeg_wet,64,LowVeg_wet,66,low_other,66,low_other,66,low_other,66,low_other
76,63,                salt marsh,marsh_salt,LowVeg,60,64,64,64,,,salt marsh,,,,LowVeg,LowVeg_wet,LowVeg_wet,LowVeg_wet,5,-100,No crop,-100,No crop,-100,No crop,255,No-burn,255,No-burn,-100,No crop,1,1,60,LowVeg,64,LowVeg_wet,64,LowVeg_wet,60,LowVeg_noCrop,60,LowVeg_noCrop,64,LowVeg_wet,64,LowVeg_wet,64,low_wet,64,low_wet,64,low_wet,64,low_wet
73,64,"        herbaceous wetland (fen, bog, marsh)",LowVeg_wet,LowVeg,60,66,64,64,,"herbaceous wetland (fen, bog, marsh)",,,,,LowVeg,LowVeg_wet,LowVeg_wet,LowVeg_wet,5,-100,No crop,-100,No crop,-100,No crop,255,No-burn,255,No-burn,-100,No crop,1,1,60,LowVeg,64,LowVeg_wet,64,LowVeg_wet,60,LowVeg_noCrop,60,LowVeg_noCrop,64,LowVeg_wet,64,LowVeg_wet,64,low_wet,64,low_wet,64,low_wet,64,low_wet
75,65,               freshwater grass marsh or wet prairie,marsh_fresh,LowVeg,60,64,64,64,,,freshwater grass marsh or wet prairie,,,,LowVeg,LowVeg_wet,LowVeg_wet,LowVeg_wet,5,-100,No crop,-100,No crop,-100,No crop,255,No-burn,255,No-burn,-100,No crop,1,1,60,LowVeg,64,LowVeg_wet,64,LowVeg_wet,60,LowVeg_noCrop,60,LowVeg_noCrop,64,LowVeg_wet,64,LowVeg_wet,64,low_wet,64,low_wet,64,low_wet,64,low_wet
70,66,"        non-grass herbaceous veg (e.g. ferns, forbs)",LowVeg_nongrass,LowVeg,60,66,66,66,,"non-grass herbaceous veg (e.g. ferns,forbs)",,,,upland -- not regularly flooded,LowVeg,LowVeg_nongrass,LowVeg_nongrass,LowVeg_nongrass,5,-100,No crop,-100,No crop,-100,No crop,255,No-burn,255,No-burn,-100,No crop,1,1,60,LowVeg,70,lowOther,70,lowOther,60,LowVeg_noCrop,60,LowVeg_noCrop,60,LowVeg_noCrop,60,LowVeg_noCrop,66,low_other,66,low_other,66,low_other,66,low_other
78,67,         weedy growth or fallowed crop,fallow_weeds,LowVeg,60,67,67,67,,weedy growth or fallowed crop,,,,anthropogenic land use (e.g. crop) within last 3 yrs,LowVeg,LowVeg_regrowth,LowVeg_nongrass,fallow_weeds,1,-100,No crop,-100,No crop,-100,No crop,255,No-burn,255,No-burn,-100,No crop,1,1,60,LowVeg,70,lowOther,70,lowOther,60,LowVeg_noCrop,60,LowVeg_noCrop,60,LowVeg_noCrop,60,LowVeg_noCrop,66,low_other,66,low_other,66,low_other,66,low_other
77,68,               pond slough (mixed water or floating veg.),water_veg,LowVeg,60,64,64,64,,,pond slough (mixed water or floating veg.),,," >50% floating veg (algae, hyacinth, etc.)",LowVeg,LowVeg_wet,LowVeg_wet,water_veg,5,-100,No crop,-100,No crop,-100,No crop,255,No-burn,255,No-burn,-100,No crop,1,1,60,LowVeg,70,lowOther,70,lowOther,60,LowVeg_noCrop,60,LowVeg_noCrop,64,LowVeg_wet,64,LowVeg_wet,64,low_wet,64,low_wet,64,low_wet,64,low_wet
72,69,              invasive herbaceous vegetation,LowVeg_invasive,LowVeg,60,66,69,69,,,invasive herbaceous vegetation,,,,LowVeg,LowVeg_nongrass,LowVeg_invasive,LowVeg_invasive,5,-100,No crop,-100,No crop,-100,No crop,255,No-burn,255,No-burn,-100,No crop,1,1,60,LowVeg,70,lowOther,70,lowOther,60,LowVeg_noCrop,60,LowVeg_noCrop,60,LowVeg_noCrop,60,LowVeg_noCrop,66,low_other,66,low_other,66,low_other,66,low_other
81,70,         grass,grass_any,LowVeg,60,70,70,70,,grass,,,,"grass,  <30% tree cover -- unknown if planted or natural",LowVeg,Grass,grass_any,grass_any,10,-100,No crop,-100,No crop,-100,No crop,255,No-burn,255,No-burn,-100,No crop,1,1,60,LowVeg,70,lowOther,70,lowOther,60,LowVeg_noCrop,60,LowVeg_noCrop,75,Grassland-Natural,75,Grassland-Natural,0,nodata,0,nodata,0,nodata,0,nodata
64,71,                   thin grass,grass_thin,LowVeg,60,50,70,55,,,,thin grass,,thin layer of grass or low veg over hard substrate,LowVeg,Mixed_LowNo,grass_any,grass_bare,5,-100,No crop,-100,No crop,-100,No crop,255,No-burn,255,No-burn,-100,No crop,1,0,60,LowVeg,70,lowOther,70,lowOther,50,mixedVeg_noCrop,50,mixedVeg_noCrop,50,mixedVeg_noCrop,50,mixedVeg_noCrop,50,mixed_LowNo,55,grass_bare,71,grass_thin,71,grass_thin
63,72,                   grass with rocks,grass_rocks,LowVeg,60,50,70,55,,,,grass with rocks,,>=50% grass with >=30% rocks,LowVeg,Mixed_LowNo,grass_any,grass_bare,5,-100,No crop,-100,No crop,-100,No crop,255,No-burn,255,No-burn,-100,No crop,1,0,60,LowVeg,70,lowOther,70,lowOther,50,mixedVeg_noCrop,50,mixedVeg_noCrop,50,mixedVeg_noCrop,50,mixedVeg_noCrop,50,mixed_LowNo,55,grass_bare,72,grass_rock,72,grass_rock
82,73,              sports field or golf course or irrigated lawn,grass_built,LowVeg,60,70,73,73,,,sports field or golf course or irrigated lawn,,,,LowVeg,Grass,grass_built,grass_built,10,-100,No crop,-100,No crop,-100,No crop,255,No-burn,255,No-burn,-100,No crop,1,1,60,LowVeg,70,lowOther,70,lowOther,50,mixedVeg_noCrop,50,mixedVeg_noCrop,50,mixedVeg_noCrop,50,mixedVeg_noCrop,85,grass_planted,85,grass_planted,85,grass_planted,85,grass_planted
83,74,              seasonally flooded grassland,grass_wet,LowVeg,60,70,64,74,,,seasonally flooded grassland,,,natural grassland that is flooded at some point in year,LowVeg,Grass,grass_flooded,grass_flooded,10,-100,No crop,-100,No crop,-100,No crop,255,No-burn,255,No-burn,-100,No crop,1,1,60,LowVeg,70,lowOther,70,lowOther,60,LowVeg_noCrop,60,LowVeg_noCrop,64,LowVeg_wet,64,LowVeg_wet,64,low_wet,64,low_wet,64,low_wet,64,low_wet
84,75,              natural or  minimally altered grass,grass_nat_any,LowVeg,60,70,75,75,,,natural or  minimally altered grass,,,,LowVeg,Grass,grass_nat,grass_nat_any,10,-100,No crop,-100,No crop,-100,No crop,255,No-burn,255,No-burn,-100,No crop,1,1,60,LowVeg,70,lowOther,70,lowOther,60,LowVeg_noCrop,60,LowVeg_noCrop,75,Grassland-Natural,75,Grassland-Natural,75,grass_nat,75,grass_nat,75,grass_nat,75,grass_nat
85,76,"                     natural grassland, steppe",grassland,LowVeg,60,70,75,75,,,,"natural primary grassland, steppe , prairie, etc.",,"few trees, no or minimal livestock grazing - (may be grazed by wild animals)",LowVeg,Grass,grass_nat,grassland,10,-100,No crop,-100,No crop,-100,No crop,255,No-burn,255,No-burn,-100,No crop,1,1,60,LowVeg,70,lowOther,70,lowOther,60,LowVeg_noCrop,60,LowVeg_noCrop,75,Grassland-Natural,75,Grassland-Natural,75,grass_nat,75,grass_nat,75,grass_nat,75,grass_nat
79,77,                      grass dominated secondary succession,fallow_grass,LowVeg,60,67,67,77,,, grass dominated secondary succession,,,has been cropland or other anthropogenic land use within last 10 years,LowVeg,Grass,grass_mod,fallow_grass,3,-100,No crop,-100,No crop,-100,No crop,255,No-burn,255,No-burn,-100,No crop,1,1,60,LowVeg,70,lowOther,70,lowOther,60,LowVeg_noCrop,60,LowVeg_noCrop,75,Grassland-Natural,75,Grassland-Natural,75,grass_nat,75,grass_nat,75,grass_nat,75,grass_nat
86,78,                     natural savanna,savanna,LowVeg,60,70,75,75,,,,natural savanna,,"up to 30% trees, no or minimal livestock grazing",LowVeg,Grass,grass_nat,savanna,10,-100,No crop,-100,No crop,-100,No crop,255,No-burn,255,No-burn,-100,No crop,1,0,60,LowVeg,70,lowOther,70,lowOther,60,LowVeg_noCrop,60,LowVeg_noCrop,75,Grassland-Natural,75,Grassland-Natural,0,nodata,0,nodata,0,nodata,0,nodata
65,79,                   grass with termite or ant mounds,grass_nests,LowVeg,60,50,70,55,,,,grass with termite or ant mounds,,,LowVeg,Mixed_LowNo,grass_any,grass_bare,5,-100,No crop,-100,No crop,-100,No crop,255,No-burn,255,No-burn,-100,No crop,1,0,60,LowVeg,70,lowOther,70,lowOther,60,LowVeg_noCrop,60,LowVeg_noCrop,60,LowVeg_noCrop,60,LowVeg_noCrop,50,mixed_LowNo,55,grass_bare,75,grass_nat,75,grass_nat
87,80,             managed pasture or commonly used rangeland,pasture_any,LowVeg,60,70,75,80,,,managed pasture or commonly used rangeland,,,pasture with notable grazing or signs of maintenance. <30% tree cover,LowVeg,Grass,grass_any,pasture,5,-100,No crop,-100,No crop,-100,No crop,255,No-burn,255,No-burn,-100,No crop,1,0,60,LowVeg,70,lowOther,70,lowOther,60,LowVeg_noCrop,60,LowVeg_noCrop,75,Grassland-Natural,75,Grassland-Natural,75,grass_nat,75,grass_nat,75,grass_nat,75,grass_nat
88,81,                     sustainably grazed natural grassland,pasture_sustain,LowVeg,60,70,75,80,,,,sustainably grazed natural grassland,,,LowVeg,Grass,grass_nat,pasture,5,-100,No crop,-100,No crop,-100,No crop,255,No-burn,255,No-burn,-100,No crop,1,0,60,LowVeg,70,lowOther,70,lowOther,60,LowVeg_noCrop,60,LowVeg_noCrop,75,Grassland-Natural,75,Grassland-Natural,75,grass_nat,75,grass_nat,75,grass_nat,75,grass_nat
80,82,                     abandoned or wild sugarcane,abandoned sugarcae,LowVeg,60,67,67,77,,,,abandoned or wild sugarcane,,(e.g. Saccharum spontaneum),LowVeg,Grass,grass_mod,fallow_grass,3,-100,No crop,-100,No crop,-100,No crop,255,No-burn,255,No-burn,-100,No crop,1,1,60,LowVeg,70,lowOther,70,lowOther,60,LowVeg_noCrop,60,LowVeg_noCrop,80,Grassland-Managed,80,Grassland-Managed,75,grass_nat,75,grass_nat,75,grass_nat,75,grass_nat
91,83,                    heavily used pasture,pasture_highuse,LowVeg,60,70,85,80,,,,heavily used pasture,,"very visible signs of grazing, includes enclosures with livestock frequently visible",LowVeg,Grass,grass_mod,pasture,3,-100,No crop,-100,No crop,-100,No crop,95,Burn,93,Burned-firebreak,-100,No crop,1,1,60,LowVeg,70,lowOther,70,lowOther,60,LowVeg_noCrop,60,LowVeg_noCrop,80,Grassland-Managed,80,Grassland-Managed,85,grass_planted,85,grass_planted,85,grass_planted,85,grass_planted
92,84,                     planted or fertilized pasture,pasture_plant,LowVeg,60,70,85,80,,,,planted or fertilized pasture,,grass with infrastructure or structural or phylogenetic patterns that indicate it has been planted,LowVeg,Grass,grass_mod,pasture,3,-100,No crop,-100,No crop,-100,No crop,95,Burn,94,Burned-Wet,-100,No crop,1,1,60,LowVeg,70,lowOther,70,lowOther,60,LowVeg_noCrop,60,LowVeg_noCrop,80,Grassland-Managed,80,Grassland-Managed,85,grass_planted,85,grass_planted,85,grass_planted,85,grass_planted
90,85,,grass_mod,LowVeg,60,70,85,85,,,new or heavily modified grassland,,,,LowVeg,Grass,grass_mod,grass_mod,1,-100,No crop,-100,No crop,-100,No crop,95,Burn,0,nodata,-100,No crop,1,1,60,LowVeg,70,lowOther,70,lowOther,60,LowVeg_noCrop,60,LowVeg_noCrop,80,Grassland-Managed,80,Grassland-Managed,85,grass_planted,85,grass_planted,85,grass_planted,85,grass_planted
97,86,        grass mixed with other low veg,LowVeg_grass_mix,LowVeg,60,70,70,86,,,grass mixed with other low veg,,,"> 30% grass, >30% other low veg",LowVeg,LowVeg_grass_mix,LowVeg_grass_mix,LowVeg_grass_mix,5,-100,No crop,-100,No crop,-100,No crop,255,No-burn,255,No-burn,-100,No crop,0,0,60,LowVeg,70,lowOther,70,lowOther,50,mixedVeg_noCrop,50,mixedVeg_noCrop,75,Grassland-Natural,75,Grassland-Natural,75,grass_nat,75,grass_nat,75,grass_nat,75,grass_nat
93,87,                     temporary  cover crop or hay,pasture_cover,LowVeg,60,70,85,80,,,,pasture with temporary  cover crop or hay,,cover crop grown for <3 months of year. Grass rest of year. Grazed within year,LowVeg,Grass,grass_mod,pasture,3,-100,No crop,-100,No crop,-100,No crop,95,Burn,99,Burned-dry,-100,No crop,1,1,60,LowVeg,70,lowOther,70,lowOther,60,LowVeg_noCrop,60,LowVeg_noCrop,80,Grassland-Managed,80,Grassland-Managed,85,grass_planted,85,grass_planted,85,grass_planted,85,grass_planted
89,88,                     temporarily rested pasture,pasture_resting,LowVeg,60,70,75,80,,,,temporarily rested pasture,,"No active management visible. Signs of active grazing in other years, but not current year. ",LowVeg,Grass,grass_nat,pasture,0,-100,No crop,-100,No crop,-100,No crop,255,No-burn,255,No-burn,-100,No crop,1,1,60,LowVeg,70,lowOther,70,lowOther,60,LowVeg_noCrop,60,LowVeg_noCrop,80,Grassland-Managed,80,Grassland-Managed,75,grass_nat,75,grass_nat,75,grass_nat,75,grass_nat
95,89,                     invasive grass,grass_invasive,LowVeg,60,70,85,80,,,,invasive grass,,obstructing natural processes(e.g. elephant grass(Pennisetum purpureum)),LowVeg,Grass,grass_mod,grass_invasive,3,-100,No crop,-100,No crop,-100,No crop,255,No-burn,255,No-burn,-100,No crop,0,0,60,LowVeg,70,lowOther,70,lowOther,60,LowVeg_noCrop,60,LowVeg_noCrop,75,Grassland-Natural,75,Grassland-Natural,85,grass_planted,85,grass_planted,85,grass_planted,85,grass_planted
96,90,          mixed LowVeg,LowVeg_mix,LowVeg,60,90,90,90,,mixed LowVeg,,,,> 30% each,LowVeg,LowVeg_mix,LowVeg_mix,LowVeg_mix,5,-100,No crop,-100,No crop,-100,No crop,255,No-burn,255,No-burn,-100,No crop,0,0,60,LowVeg,70,lowOther,70,lowOther,50,mixedVeg_noCrop,50,mixedVeg_noCrop,50,mixedVeg_noCrop,50,mixedVeg_noCrop,66,low_other,66,low_other,66,low_other,66,low_other
98,91,            grass edge,grass_edge,LowVeg,60,70,70,86,,,,grass edge,,">50% Grass, but mixed with other veg or shaded by trees. Can contain trees if grass-forest border (if grass and trees are intermixed, use Grass-tree mix)",LowVeg,LowVeg_mix,grass_edge,grass_edge,5,-100,No crop,-100,No crop,-100,No crop,255,No-burn,255,No-burn,-100,No crop,1,0,60,LowVeg,70,lowOther,70,lowOther,50,mixedVeg_noCrop,91,Mixed_Grass-edge,91,Mixed_Grass-edge,91,Mixed_Grass-edge,75,grass_nat,75,grass_nat,75,grass_nat,75,grass_nat
99,92,            excessive moribund or fuel load,fuel_load,LowVeg,60,90,92,92,,,excessive moribund or fuel load,,,,LowVeg,LowVeg_mix,fuel_load,fuel_load,0,-100,No crop,-100,No crop,-100,No crop,255,No-burn,255,No-burn,-100,No crop,1,0,60,LowVeg,70,lowOther,70,lowOther,60,LowVeg_noCrop,60,LowVeg_noCrop,75,Grassland-Natural,75,Grassland-Natural,75,grass_nat,75,grass_nat,75,grass_nat,75,grass_nat
101,93,                 fire break or controlled prescriptive burn,burnt_low_mgmt,LowVeg,60,90,95,95,,,,fire break or controlled prescriptive burn,,,LowVeg,LowVeg_mix,char_low,char_low,0,-100,No crop,-100,No crop,-100,No crop,95,Burn,93,Burned-firebreak,-100,No crop,0,0,60,LowVeg,70,lowOther,70,lowOther,60,LowVeg_noCrop,60,LowVeg_noCrop,75,Grassland-Natural,95,Burn,75,grass_nat,75,grass_nat,93,grass_firebreak,93,grass_firebreak
102,94,                 wet or low severity burn,burnt_low_min,LowVeg,60,90,95,95,,,,wet or low severity burn,,burning event occurs after first major rains of wet season,LowVeg,LowVeg_mix,char_low,char_low,0,-100,No crop,-100,No crop,-100,No crop,95,Burn,0,nodata,-100,No crop,1,0,60,LowVeg,70,lowOther,70,lowOther,0,nodata,0,nodata,0,nodata,95,Burn,0,nodata,0,nodata,0,nodata,0,nodata
100,95,            burned herbaceous vegetation,burnt_low,LowVeg,60,90,95,95,,,burned herbaceous vegetation,,,,LowVeg,LowVeg_mix,char_low,char_low,0,-100,No crop,-100,No crop,-100,No crop,95,Burn,0,nodata,-100,No crop,0,0,60,LowVeg,70,lowOther,70,lowOther,0,nodata,0,nodata,0,nodata,95,Burn,0,nodata,0,nodata,0,nodata,0,nodata
104,96,       crop edge,crop_edge,LowVeg,60,100,96,96,,,crop edge,,,">50% LowCrop, but mixed with other veg or bare at edge of field",LowVeg,LowVeg_mix,crop_edge,crop_edge,5,100,crop,-100,No crop,-100,No crop,255,No-burn,255,No-burn,100,unknown_crop,1,0,60,LowVeg,100,LowVeg_crop':[,100,Crop,50,mixedVeg_noCrop,96,Mixed_Crop-edge,96,Mixed_Crop-edge,96,Mixed_Crop-edge,101,crop_low,101,crop_low,101,crop_low,101,crop_low
105,97,       shifting agriculture system (crop with pasture or low fallow),shifting_ag,LowVeg,60,100,97,97,,,shifting agriculture system (crop with pasture or low fallow),,,"For multi-year map. Fluctuates between crop and non-crop between years, but does not grow beyond MedVeg  (else use 177-swidden)",LowVeg,LowVeg_mix,shifting_ag,shifting_ag,5,100,crop,137,Mixed crop,137,Mixed crop,255,No-burn,255,No-burn,137,crop_mixed_small,0,0,137,Mixed crop,100,LowVeg_crop':[,100,Crop,50,mixedVeg_noCrop,50,mixedVeg_noCrop,50,mixedVeg_noCrop,50,mixedVeg_noCrop,101,crop_low,101,crop_low,101,crop_low,101,crop_low
106,98,       new orchard or tree plantation,treeplant_new,LowVeg,60,100,98,98,,,new orchard or tree plantation,,,Planted trees (tree plantation or orchard) <1 year,LowVeg,TreePlant,treeplant_new,treeplant_new,1,-100,No crop,-100,No crop,-100,No crop,255,No-burn,255,No-burn,-100,No crop,1,0,60,LowVeg,70,lowOther,70,lowOther,60,LowVeg_noCrop,60,LowVeg_noCrop,75,Grassland-Natural,75,Grassland-Natural,66,low_other,66,low_other,66,low_other,66,low_other
103,99,"                 high severity, uncontrolled burn",burnt_low_max,LowVeg,60,90,95,95,,,,"high severity, uncontrolled burn",,,LowVeg,LowVeg_mix,char_low,char_low,0,-100,No crop,-100,No crop,-100,No crop,95,Burn,99,Burned-dry,-100,No crop,1,0,60,LowVeg,70,lowOther,70,lowOther,0,nodata,0,nodata,0,nodata,95,Burn,0,nodata,0,nodata,0,nodata,0,nodata
107,100,          crop,crop_any,LowVeg,60,100,100,100,,crop,,,,any crop,LowVeg,Crop,crop_any,crop_any,3,100,crop,104,Homogeneous crop,104,Homogeneous crop,255,No-burn,255,No-burn,100,unknown_crop,1,0,0,nodata,100,LowVeg_crop':[,100,Crop,101,lowCrop_other,101,lowCrop_other,101,lowCrop_other,101,lowCrop_other,101,crop_low,101,crop_low,101,crop_low,101,crop_low
108,101,           annual crop,LowVeg_crop,LowVeg,60,100,101,101,,annual crop,,,,"unknown annual crop, can be rainfed in maps contrasting with irrigated (104)",LowVeg,LowCrop,LowVeg_crop,LowVeg_crop,3,100,crop,104,Homogeneous crop,104,Homogeneous crop,255,No-burn,255,No-burn,100,unknown_crop,1,0,104,Homogeneous crop,100,LowVeg_crop':[,100,Crop,101,lowCrop_other,101,lowCrop_other,101,lowCrop_other,101,lowCrop_other,101,crop_low,101,crop_low,101,crop_low,101,crop_low
114,102,                             wheat,wheat,LowVeg,60,100,101,102,,,,,wheat,"For annual maps, only use if wheat in the main cropping season",LowVeg,LowCrop,crop_cereal,soy_maize_wheat,3,100,crop,104,Homogeneous crop,104,Homogeneous crop,255,No-burn,255,No-burn,102,wheat,0,0,104,Homogeneous crop,100,LowVeg_crop':[,100,Crop,105,lowCrop_sc,105,lowCrop_sc,105,lowCrop_sc,105,lowCrop_sc,101,crop_low,101,crop_low,101,crop_low,101,crop_low
112,103,                             soybean,soy,LowVeg,60,100,101,103,,,,,soybean,,LowVeg,LowCrop,crop_cereal,soy_maize_wheat,3,100,crop,104,Homogeneous crop,104,Homogeneous crop,255,No-burn,255,No-burn,103,soy,0,0,104,Homogeneous crop,100,LowVeg_crop':[,100,Crop,105,lowCrop_sc,105,lowCrop_sc,105,lowCrop_sc,105,lowCrop_sc,101,crop_low,101,crop_low,101,crop_low,101,crop_low
109,104,    Irrigated or consistant herbaceous crop - general,crop_irrigated,LowVeg,60,100,101,104,,Irrigated or consistant herbaceous crop - general,,,,"For multi-yr maps, use for locations that are repeatedly homogeneous crops. For single-year maps, use for irrigated crops if distinguishing vs rainfed",LowVeg,LowCrop,crop_irrigated,crop_irrigated,5,100,crop,104,Homogeneous crop,104,Homogeneous crop,255,No-burn,255,No-burn,100,unknown_crop,0,0,104,Homogeneous crop,100,LowVeg_crop':[,100,Crop,101,lowCrop_other,101,lowCrop_other,101,lowCrop_other,101,lowCrop_other,101,crop_low,101,crop_low,101,crop_low,101,crop_low
110,105,                cereal - general,crop_cereal_any,LowVeg,60,100,101,105,,,Cereal - general,,,,LowVeg,LowCrop,crop_cereal,crop_cereal_any,5,100,crop,104,Homogeneous crop,104,Homogeneous crop,255,No-burn,255,No-burn,105,crop_cereal_any,0,0,104,Homogeneous crop,100,LowVeg_crop':[,100,Crop,105,lowCrop_sc,105,lowCrop_sc,105,lowCrop_sc,105,lowCrop_sc,101,crop_low,101,crop_low,101,crop_low,101,crop_low
113,106,                             maize,maize,LowVeg,60,100,101,102,,,,,maize,"For annual maps, only use if corn in the main cropping season",LowVeg,LowCrop,crop_cereal,soy_maize_wheat,3,100,crop,104,Homogeneous crop,104,Homogeneous crop,255,No-burn,255,No-burn,106,maize,0,0,104,Homogeneous crop,100,LowVeg_crop':[,100,Crop,105,lowCrop_sc,105,lowCrop_sc,105,lowCrop_sc,105,lowCrop_sc,101,crop_low,101,crop_low,101,crop_low,101,crop_low
111,107,                      soybean-maize-wheat,soy_maize_wheat,LowVeg,60,100,101,107,,,,soybean-maize-wheat,,,LowVeg,LowCrop,crop_cereal,soy_maize_wheat,5,100,crop,104,Homogeneous crop,104,Homogeneous crop,255,No-burn,255,No-burn,107,soy_maize_wheat,0,0,104,Homogeneous crop,100,LowVeg_crop':[,100,Crop,105,lowCrop_sc,105,lowCrop_sc,105,lowCrop_sc,105,lowCrop_sc,101,crop_low,101,crop_low,101,crop_low,101,crop_low
94,108,                     intensive hay proudction,pasture_hay,LowVeg,60,70,85,80,,,,intensive hay proudction,,"may be grazed, but hay or fodder growing most of year",LowVeg,Grass,grass_mod,pasture,3,-100,No crop,-100,No crop,-100,No crop,255,No-burn,255,No-burn,-100,No crop,0,0,60,LowVeg,70,lowOther,70,lowOther,60,LowVeg_noCrop,60,LowVeg_noCrop,80,Grassland-Managed,80,Grassland-Managed,85,grass_planted,85,grass_planted,85,grass_planted,85,grass_planted
131,109,                            beet,beet,LowVeg,60,100,101,125,,,,beet,,,LowVeg,LowCrop,crops_tubers,crop_beet,2,100,crop,104,Homogeneous crop,104,Homogeneous crop,255,No-burn,255,No-burn,109,beet,0,0,104,Homogeneous crop,100,LowVeg_crop':[,100,Crop,101,lowCrop_other,101,lowCrop_other,101,lowCrop_other,101,lowCrop_other,101,crop_low,101,crop_low,101,crop_low,101,crop_low
115,110,                      sorghum or millet,sorghum_millet,LowVeg,60,100,101,110,,,,sorghum or millet,,,LowVeg,LowCrop,crop_cereal,crop_sorg_mil,2,100,crop,104,Homogeneous crop,104,Homogeneous crop,255,No-burn,255,No-burn,110,sorghum_millet,0,0,104,Homogeneous crop,100,LowVeg_crop':[,100,Crop,105,lowCrop_sc,105,lowCrop_sc,105,lowCrop_sc,105,lowCrop_sc,101,crop_low,101,crop_low,101,crop_low,101,crop_low
116,111,                             sorghum,sorghum,LowVeg,60,100,101,110,,,,,sorghum,,LowVeg,LowCrop,crop_cereal,crop_sorg_mil,2,100,crop,104,Homogeneous crop,104,Homogeneous crop,255,No-burn,255,No-burn,110,sorghum_millet,0,0,104,Homogeneous crop,100,LowVeg_crop':[,100,Crop,105,lowCrop_sc,105,lowCrop_sc,105,lowCrop_sc,105,lowCrop_sc,101,crop_low,101,crop_low,101,crop_low,101,crop_low
117,112,                             millet,millet,LowVeg,60,100,101,110,,,,,millet,,LowVeg,LowCrop,crop_cereal,crop_sorg_mil,2,100,crop,104,Homogeneous crop,104,Homogeneous crop,255,No-burn,255,No-burn,110,sorghum_millet,0,0,104,Homogeneous crop,100,LowVeg_crop':[,100,Crop,105,lowCrop_sc,105,lowCrop_sc,105,lowCrop_sc,105,lowCrop_sc,101,crop_low,101,crop_low,101,crop_low,101,crop_low
118,113,                      barley,barley,LowVeg,60,100,101,105,,,,barley,,,LowVeg,LowCrop,crop_cereal,barley,2,100,crop,104,Homogeneous crop,104,Homogeneous crop,255,No-burn,255,No-burn,113,barley,0,0,104,Homogeneous crop,100,LowVeg_crop':[,100,Crop,101,lowCrop_other,101,lowCrop_other,101,lowCrop_other,101,lowCrop_other,101,crop_low,101,crop_low,101,crop_low,101,crop_low
119,114,                      rice,rice,LowVeg,60,100,101,105,,,,rice,,,LowVeg,LowCrop,crop_cereal,rice,3,100,crop,104,Homogeneous crop,104,Homogeneous crop,255,No-burn,255,No-burn,114,rice,0,0,104,Homogeneous crop,100,LowVeg_crop':[,100,Crop,114,lowCrop_rice,114,lowCrop_rice,114,lowCrop_rice,114,lowCrop_rice,101,crop_low,101,crop_low,101,crop_low,101,crop_low
120,115,                      oats,oats,LowVeg,60,100,101,105,,,,oats,,,LowVeg,LowCrop,crop_cereal,oats,2,100,crop,104,Homogeneous crop,104,Homogeneous crop,255,No-burn,255,No-burn,115,oats,0,0,104,Homogeneous crop,100,LowVeg_crop':[,100,Crop,101,lowCrop_other,101,lowCrop_other,101,lowCrop_other,101,lowCrop_other,101,crop_low,101,crop_low,101,crop_low,101,crop_low
121,116,                      rye,rye,LowVeg,60,100,101,105,,,,rye,,,LowVeg,LowCrop,crop_cereal,rye,2,100,crop,104,Homogeneous crop,104,Homogeneous crop,255,No-burn,255,No-burn,116,rye,0,0,104,Homogeneous crop,100,LowVeg_crop':[,100,Crop,101,lowCrop_other,101,lowCrop_other,101,lowCrop_other,101,lowCrop_other,101,crop_low,101,crop_low,101,crop_low,101,crop_low
123,117,                            rapeseed or canola,sunflower,LowVeg,60,100,101,123,,,,rapeseed or canola,,,LowVeg,LowCrop,crop_seed,sunflower,2,100,crop,104,Homogeneous crop,104,Homogeneous crop,255,No-burn,255,No-burn,117,sunflower,0,0,104,Homogeneous crop,100,LowVeg_crop':[,100,Crop,101,lowCrop_other,101,lowCrop_other,101,lowCrop_other,101,lowCrop_other,101,crop_low,101,crop_low,101,crop_low,101,crop_low
124,118,                             sesame,sesame,LowVeg,60,100,101,123,,,,sesame,,,LowVeg,LowCrop,crop_seed,sesame,2,100,crop,104,Homogeneous crop,104,Homogeneous crop,255,No-burn,255,No-burn,118,sesame,0,0,104,Homogeneous crop,100,LowVeg_crop':[,100,Crop,101,lowCrop_other,101,lowCrop_other,101,lowCrop_other,101,lowCrop_other,101,crop_low,101,crop_low,101,crop_low,101,crop_low
125,119,                             poppy,poppy,LowVeg,60,100,101,123,,,,poppy,,,LowVeg,LowCrop,crop_seed,poppy,2,100,crop,104,Homogeneous crop,104,Homogeneous crop,255,No-burn,255,No-burn,119,poppy,0,0,104,Homogeneous crop,100,LowVeg_crop':[,100,Crop,101,lowCrop_other,101,lowCrop_other,101,lowCrop_other,101,lowCrop_other,101,crop_low,101,crop_low,101,crop_low,101,crop_low
126,120,                             sunflower,sunflower,LowVeg,60,100,101,123,,,,sunflower,,,LowVeg,LowCrop,crop_seed,sunflower,2,100,crop,104,Homogeneous crop,104,Homogeneous crop,255,No-burn,255,No-burn,120,sunflower,0,0,104,Homogeneous crop,100,LowVeg_crop':[,100,Crop,101,lowCrop_other,101,lowCrop_other,101,lowCrop_other,101,lowCrop_other,101,crop_low,101,crop_low,101,crop_low,101,crop_low
127,121,                       cucurbits,cucurbits,LowVeg,60,100,101,121,,,cucurbits,,,,LowVeg,LowCrop,crop_cucurbit,cucurbits,2,100,crop,104,Homogeneous crop,104,Homogeneous crop,255,No-burn,255,No-burn,121,curcubits,0,0,104,Homogeneous crop,100,LowVeg_crop':[,100,Crop,101,lowCrop_other,101,lowCrop_other,101,lowCrop_other,101,lowCrop_other,101,crop_low,101,crop_low,101,crop_low,101,crop_low
128,122,                            squash or pumpkin,squash,LowVeg,60,100,101,121,,,,squash or pumpkin,,,LowVeg,LowCrop,crop_cucurbit,squash,2,100,crop,104,Homogeneous crop,104,Homogeneous crop,255,No-burn,255,No-burn,121,curcubits,0,0,104,Homogeneous crop,100,LowVeg_crop':[,100,Crop,101,lowCrop_other,101,lowCrop_other,101,lowCrop_other,101,lowCrop_other,101,crop_low,101,crop_low,101,crop_low,101,crop_low
122,123,                      oilseeds,oilseed,LowVeg,60,100,101,123,,,oilseeds,,,,LowVeg,LowCrop,crop_seed,oilseed,2,100,crop,104,Homogeneous crop,104,Homogeneous crop,255,No-burn,255,No-burn,123,oilseed,0,0,104,Homogeneous crop,100,LowVeg_crop':[,100,Crop,101,lowCrop_other,101,lowCrop_other,101,lowCrop_other,101,lowCrop_other,101,crop_low,101,crop_low,101,crop_low,101,crop_low
129,124,                            melon,melon,LowVeg,60,100,101,121,,,,melon,,,LowVeg,LowCrop,crop_cucurbit,melow,2,100,crop,104,Homogeneous crop,104,Homogeneous crop,255,No-burn,255,No-burn,121,curcubits,0,0,104,Homogeneous crop,100,LowVeg_crop':[,100,Crop,101,lowCrop_other,101,lowCrop_other,101,lowCrop_other,101,lowCrop_other,101,crop_low,101,crop_low,101,crop_low,101,crop_low
130,125,                      root or tuber crops,crops_tubers,LowVeg,60,100,101,125,,,root or tuber crops,,,,LowVeg,LowCrop,crops_tubers,crops_tubers,2,100,crop,104,Homogeneous crop,104,Homogeneous crop,255,No-burn,255,No-burn,125,tubers,0,0,104,Homogeneous crop,100,LowVeg_crop':[,100,Crop,101,lowCrop_other,101,lowCrop_other,101,lowCrop_other,101,lowCrop_other,101,crop_low,101,crop_low,101,crop_low,101,crop_low
132,126,                           sweet potato or yam,yam,LowVeg,60,100,101,125,,,,sweet potato or yam,,,LowVeg,LowCrop,crops_tubers,yam,2,100,crop,104,Homogeneous crop,104,Homogeneous crop,255,No-burn,255,No-burn,125,tubers,0,0,104,Homogeneous crop,100,LowVeg_crop':[,100,Crop,101,lowCrop_other,101,lowCrop_other,101,lowCrop_other,101,lowCrop_other,101,crop_low,101,crop_low,101,crop_low,101,crop_low
134,127,                            onion,onion,LowVeg,60,100,101,125,,,,onion,,,LowVeg,LowCrop,crops_tubers,onion,2,100,crop,104,Homogeneous crop,104,Homogeneous crop,255,No-burn,255,No-burn,125,tubers,0,0,104,Homogeneous crop,100,LowVeg_crop':[,100,Crop,101,lowCrop_other,101,lowCrop_other,101,lowCrop_other,101,lowCrop_other,101,crop_low,101,crop_low,101,crop_low,101,crop_low
133,128,                           potato,potato,LowVeg,60,100,101,125,,,,potato,,,LowVeg,LowCrop,crops_tubers,potato,2,100,crop,104,Homogeneous crop,104,Homogeneous crop,255,No-burn,255,No-burn,125,tubers,0,0,104,Homogeneous crop,100,LowVeg_crop':[,100,Crop,101,lowCrop_other,101,lowCrop_other,101,lowCrop_other,101,lowCrop_other,101,crop_low,101,crop_low,101,crop_low,101,crop_low
135,129,                      tobacco,tobacco,LowVeg,60,100,101,129,,,tobacco,,,,LowVeg,LowCrop,crop_tobacco,tobacco,2,100,crop,137,Mixed crop,137,Mixed crop,255,No-burn,255,No-burn,129,tobacco,0,0,137,Mixed crop,100,LowVeg_crop':[,100,Crop,137,Mixed crop,137,Mixed crop,137,Mixed crop,137,Mixed crop,101,crop_low,101,crop_low,101,crop_low,101,crop_low
136,130,                      non-soy legumes,legume_non_soy,LowVeg,60,100,101,130,,,non-soy legumes,,,,LowVeg,LowCrop,crop_legume,legume_non_soy,2,100,crop,104,Homogeneous crop,104,Homogeneous crop,255,No-burn,255,No-burn,130,legumes,0,0,104,Homogeneous crop,100,LowVeg_crop':[,100,Crop,101,lowCrop_other,101,lowCrop_other,101,lowCrop_other,101,lowCrop_other,101,crop_low,101,crop_low,101,crop_low,101,crop_low
137,131,                              beans,beans,LowVeg,60,100,101,130,,,,beans,,,LowVeg,LowCrop,crop_legume,beans,2,100,crop,137,Mixed crop,137,Mixed crop,255,No-burn,255,No-burn,130,legumes,0,0,137,Mixed crop,100,LowVeg_crop':[,100,Crop,137,Mixed crop,137,Mixed crop,137,Mixed crop,137,Mixed crop,101,crop_low,101,crop_low,101,crop_low,101,crop_low
138,132,                             peanuts,peanuts,LowVeg,60,100,101,130,,,,peanuts,,,LowVeg,LowCrop,crop_legume,peanuts,2,100,crop,137,Mixed crop,137,Mixed crop,255,No-burn,255,No-burn,130,legumes,0,0,137,Mixed crop,100,LowVeg_crop':[,100,Crop,137,Mixed crop,137,Mixed crop,137,Mixed crop,137,Mixed crop,101,crop_low,101,crop_low,101,crop_low,101,crop_low
139,133,                     horticulture or small vegetables,horticulture,LowVeg,60,100,101,133,,,horticulture or small vegetables,,,small beds,LowVeg,LowCrop,crop_hort,horticulture,2,100,crop,137,Mixed crop,137,Mixed crop,255,No-burn,255,No-burn,133,horticulture,0,0,137,Mixed crop,100,LowVeg_crop':[,100,Crop,137,Mixed crop,137,Mixed crop,137,Mixed crop,137,Mixed crop,101,crop_low,101,crop_low,101,crop_low,101,crop_low
140,134,                            greenhouse,crop_greenhouse,LowVeg,60,100,101,133,,,,greenhouse,,greenhouse or tarp structure for at least part of year,LowVeg,LowCrop,crop_hort,crop_greenhouse,2,100,crop,137,Mixed crop,137,Mixed crop,255,No-burn,255,No-burn,133,horticulture,0,0,137,Mixed crop,100,LowVeg_crop':[,100,Crop,137,Mixed crop,137,Mixed crop,137,Mixed crop,137,Mixed crop,101,crop_low,101,crop_low,101,crop_low,101,crop_low
141,135,                            flowers,crop_flowers,LowVeg,60,100,101,133,,,,flowers,,,LowVeg,LowCrop,crop_hort,horticulture,2,100,crop,137,Mixed crop,137,Mixed crop,255,No-burn,255,No-burn,133,horticulture,0,0,137,Mixed crop,100,LowVeg_crop':[,100,Crop,137,Mixed crop,137,Mixed crop,137,Mixed crop,137,Mixed crop,101,crop_low,101,crop_low,101,crop_low,101,crop_low
142,136,                            strawberries,strawberries,LowVeg,60,100,101,133,,,,strawberries,,,LowVeg,LowCrop,crop_hort,horticulture,2,100,crop,104,Homogeneous crop,104,Homogeneous crop,255,No-burn,255,No-burn,133,horticulture,0,0,137,Mixed crop,100,LowVeg_crop':[,100,Crop,101,lowCrop_other,101,lowCrop_other,101,lowCrop_other,101,lowCrop_other,101,crop_low,101,crop_low,101,crop_low,101,crop_low
144,137,                             mixed crop,crop_mixed_small,LowVeg,60,100,101,138,,,,mixed crop,,multiple crops within pixel or plot configuration changes during year.,LowVeg,LowCrop,crop_mixed_small,crop_mixed_small,2,100,crop,137,Mixed crop,137,Mixed crop,255,No-burn,255,No-burn,137,crop_mixed_small,0,0,137,Mixed crop,100,LowVeg_crop':[,100,Crop,137,Mixed crop,137,Mixed crop,137,Mixed crop,137,Mixed crop,101,crop_low,101,crop_low,101,crop_low,101,crop_low
143,138,                    smallholder crops,crop_rainfed_homo,LowVeg,60,100,101,138,,,smallholder crops,,,for smallholder vs. largeholder mapping. Requires data on field size,LowVeg,LowCrop,crop_sm,crop_sm,2,100,crop,137,Mixed crop,137,Mixed crop,255,No-burn,255,No-burn,138,unknown_crop,0,0,137,Mixed crop,100,LowVeg_crop':[,100,Crop,137,Mixed crop,137,Mixed crop,137,Mixed crop,137,Mixed crop,101,crop_low,101,crop_low,101,crop_low,101,crop_low
145,139,                    burned crop residue,crop_burned,LowVeg,60,100,95,139,,,burned crop residue,,,,LowVeg,LowCrop,crop_burned,crop_burned,0,100,crop,104,Homogeneous crop,104,Homogeneous crop,95,Burn,0,nodata,138,unknown_crop,0,0,0,nodata,100,LowVeg_crop':[,100,Crop,101,lowCrop_other,101,lowCrop_other,101,lowCrop_other,101,lowCrop_other,101,crop_low,101,crop_low,101,crop_low,101,crop_low
146,140,          semi-perennial or perennial crop,PerennialCrop,LowVeg,60,100,140,140,,semi-perennial or perennial crop,,,,,LowVeg,LowCrop,PerennialCrop,PerennialCrop,5,100,crop,104,Homogeneous crop,104,Homogeneous crop,255,No-burn,255,No-burn,138,unknown_crop,0,0,104,Homogeneous crop,100,LowVeg_crop':[,100,Crop,101,lowCrop_other,101,lowCrop_other,101,lowCrop_other,101,lowCrop_other,101,crop_low,101,crop_low,101,crop_low,101,crop_low
147,141,                    cotton,cotton,LowVeg,60,100,140,141,,,cotton,,,,LowVeg,LowCrop,PerennialCrop,cotton,5,100,crop,104,Homogeneous crop,104,Homogeneous crop,255,No-burn,255,No-burn,141,cotton,0,0,104,Homogeneous crop,100,LowVeg_crop':[,100,Crop,101,lowCrop_other,101,lowCrop_other,101,lowCrop_other,101,lowCrop_other,101,crop_low,101,crop_low,101,crop_low,101,crop_low
148,142,                    alfalfa,alfalfa,LowVeg,60,100,140,142,,,alfalfa,,,"perennial, grown year round, can be harvested 3-5 times per yr",LowVeg,LowCrop,PerennialCrop,,5,100,crop,104,Homogeneous crop,104,Homogeneous crop,255,No-burn,255,No-burn,142,alfalfa,0,0,104,Homogeneous crop,100,LowVeg_crop':[,100,Crop,101,lowCrop_other,101,lowCrop_other,101,lowCrop_other,101,lowCrop_other,101,crop_low,101,crop_low,101,crop_low,101,crop_low
149,143,                    sugar,sugar,LowVeg,60,100,140,143,,,sugar,,,,LowVeg,LowCrop,PerennialCrop,sugar,5,100,crop,104,Homogeneous crop,104,Homogeneous crop,255,No-burn,255,No-burn,143,sugar,0,0,104,Homogeneous crop,100,LowVeg_crop':[,100,Crop,143,lowCrop_sugar,143,lowCrop_sugar,143,lowCrop_sugar,143,lowCrop_sugar,101,crop_low,101,crop_low,101,crop_low,101,crop_low
150,144,                         sugar - irrigated,sugar_irrigated,LowVeg,60,100,140,144,,,,sugar - irrigated,,,LowVeg,LowCrop,PerennialCrop,sugar_irrigated,5,100,crop,104,Homogeneous crop,104,Homogeneous crop,255,No-burn,255,No-burn,143,sugar,0,0,104,Homogeneous crop,100,LowVeg_crop':[,100,Crop,143,lowCrop_sugar,143,lowCrop_sugar,143,lowCrop_sugar,143,lowCrop_sugar,101,crop_low,101,crop_low,101,crop_low,101,crop_low
151,145,                         sugar - rainfed,sugar_rainfed,LowVeg,60,100,140,145,,,,sugar - rainfed,,,LowVeg,LowCrop,PerennialCrop,sugar_rainfed,5,100,crop,104,Homogeneous crop,104,Homogeneous crop,255,No-burn,255,No-burn,143,sugar,0,0,104,Homogeneous crop,100,LowVeg_crop':[,100,Crop,143,lowCrop_sugar,143,lowCrop_sugar,143,lowCrop_sugar,143,lowCrop_sugar,101,crop_low,101,crop_low,101,crop_low,101,crop_low
152,146,                    pineapple,pineapple,LowVeg,60,100,140,146,,,pineapple,,,,LowVeg,LowCrop,PerennialCrop,pineapple,5,100,crop,104,Homogeneous crop,104,Homogeneous crop,255,No-burn,255,No-burn,146,pineapple,0,0,104,Homogeneous crop,100,LowVeg_crop':[,100,Crop,101,lowCrop_other,101,lowCrop_other,101,lowCrop_other,101,lowCrop_other,101,crop_low,101,crop_low,101,crop_low,101,crop_low
153,147,                    cassava,cassava,LowVeg,60,100,140,147,,,cassava,,,Mandioca -- Cassava -- Yucca,LowVeg,LowCrop,PerennialCrop,cassava,2,100,crop,137,Mixed crop,137,Mixed crop,255,No-burn,255,No-burn,147,cassava,0,0,137,Mixed crop,100,LowVeg_crop':[,100,Crop,137,Mixed crop,137,Mixed crop,137,Mixed crop,137,Mixed crop,101,crop_low,101,crop_low,101,crop_low,101,crop_low
154,148,                    banana or plantain,banana,MedVeg,160,100,140,148,,,banana or plantain,,,,LowVeg,ShrubCrop,PerennialCrop,banana,2,100,crop,0,noData,150,Shrub or Tree crop,255,No-burn,255,No-burn,148,banana,1,1,150,Shrub or Tree crop,150,MedVeg_crop,100,Crop,148,shrubCrop_banana,148,shrubCrop_banana,148,shrubCrop_banana,148,shrubCrop_banana,160,MedVeg,160,MedVeg,160,MedVeg,160,MedVeg
156,150,              permanent shrub crops,shrub_crop,MedVeg,160,100,150,150,,permanent shrub crops,,,,unknown or other shrubby perrenial crops,MedVeg,ShrubCrop,shrub_crop,shrub_crop,5,100,crop,0,noData,150,Shrub or Tree crop,255,No-burn,255,No-burn,138,unknown_crop,0,0,150,Shrub or Tree crop,150,MedVeg_crop,100,Crop,150,shrubCrop_other,150,shrubCrop_other,150,shrubCrop_other,150,shrubCrop_other,160,MedVeg,160,MedVeg,160,MedVeg,160,MedVeg
157,151,                     tea,tea,MedVeg,160,100,150,151,,,Tea,,,,MedVeg,ShrubCrop,crop_tea,tea,5,100,crop,0,noData,150,Shrub or Tree crop,255,No-burn,255,No-burn,151,tea,0,0,150,Shrub or Tree crop,150,MedVeg_crop,100,Crop,151,shrubCrop_tea,151,shrubCrop_tea,151,shrubCrop_tea,151,shrubCrop_tea,160,MedVeg,160,MedVeg,160,MedVeg,160,MedVeg
158,152,                     yerba-matte,yerba-mate,MedVeg,160,100,150,152,,,,yerba-mate,,,MedVeg,ShrubCrop,crop_tea,yerba-mate,5,100,crop,0,noData,150,Shrub or Tree crop,255,No-burn,255,No-burn,152,yerba-mate,0,0,150,Shrub or Tree crop,150,MedVeg_crop,100,Crop,151,shrubCrop_tea,151,shrubCrop_tea,151,shrubCrop_tea,151,shrubCrop_tea,160,MedVeg,160,MedVeg,160,MedVeg,160,MedVeg
159,153,                     vineyard,vineyard,MedVeg,160,100,150,153,,,vienyard,,,,MedVeg,ShrubCrop,crop_grape,vineyard,5,100,crop,0,noData,150,Shrub or Tree crop,255,No-burn,255,No-burn,153,vineyard,0,0,150,Shrub or Tree crop,150,MedVeg_crop,100,Crop,150,shrubCrop_other,150,shrubCrop_other,150,shrubCrop_other,150,shrubCrop_other,160,MedVeg,160,MedVeg,160,MedVeg,160,MedVeg
160,155,                    coffee,coffee,MedVeg,160,100,150,155,,,coffee,,,,MedVeg,ShrubCrop,crop_coffee,coffee,10,100,crop,0,noData,150,Shrub or Tree crop,255,No-burn,255,No-burn,155,coffee,0,0,150,Shrub or Tree crop,150,MedVeg_crop,100,Crop,150,shrubCrop_other,150,shrubCrop_other,150,shrubCrop_other,150,shrubCrop_other,160,MedVeg,160,MedVeg,160,MedVeg,160,MedVeg
161,156,                    cocoa,cocoa,MedVeg,160,100,150,156,,,cocoa,,,,MedVeg,ShrubCrop,crop_cocoa,cocoa,10,100,crop,0,noData,150,Shrub or Tree crop,255,No-burn,255,No-burn,156,cocoa,0,0,150,Shrub or Tree crop,150,MedVeg_crop,100,Crop,150,shrubCrop_other,150,shrubCrop_other,150,shrubCrop_other,150,shrubCrop_other,160,MedVeg,160,MedVeg,160,MedVeg,160,MedVeg
162,157,                    hemp or cannabis,hemp,MedVeg,160,100,150,157,,,hemp or cannabis,,,,MedVeg,ShrubCrop,crop_hemp,hemp,3,100,crop,0,noData,150,Shrub or Tree crop,255,No-burn,255,No-burn,157,hemp,0,0,150,Shrub or Tree crop,150,MedVeg_crop,100,Crop,150,shrubCrop_other,150,shrubCrop_other,150,shrubCrop_other,150,shrubCrop_other,160,MedVeg,160,MedVeg,160,MedVeg,160,MedVeg
163,158,                    berries (shrubs),berries,MedVeg,160,100,150,158,,,berries  (shrubs),,,,MedVeg,ShrubCrop,crop_berries,berries,5,100,crop,0,noData,150,Shrub or Tree crop,255,No-burn,255,No-burn,158,berries,0,0,150,Shrub or Tree crop,150,MedVeg_crop,100,Crop,150,shrubCrop_other,150,shrubCrop_other,150,shrubCrop_other,150,shrubCrop_other,160,MedVeg,160,MedVeg,160,MedVeg,160,MedVeg
164,159,                    illicit shurb crop,crop_illicit,MedVeg,160,100,150,159,,,illicit shrub crop,,,,MedVeg,ShrubCrop,crop_illicit,crop_illicit,2,100,crop,0,noData,150,Shrub or Tree crop,255,No-burn,255,No-burn,159,crop_illicit,0,0,150,Shrub or Tree crop,150,MedVeg_crop,100,Crop,150,shrubCrop_other,150,shrubCrop_other,150,shrubCrop_other,150,shrubCrop_other,160,MedVeg,160,MedVeg,160,MedVeg,160,MedVeg
155,160,MedVeg,MedVeg_any,MedVeg,160,160,160,160,MedVeg,,,,,,MedVeg,MedVeg_any,MedVeg_any,MedVeg_any,5,0,noData,0,noData,0,noData,255,No-burn,255,No-burn,100,unknown_crop,0,0,160,MedVeg,160,Shrub,160,Shrub,150,shrubCrop_other,150,shrubCrop_other,150,shrubCrop_other,150,shrubCrop_other,160,MedVeg,160,MedVeg,160,MedVeg,160,MedVeg
165,161,              shrub - noncrop,shrub_nat,MedVeg,160,161,161,161,,shrub - noncrop,,,,,MedVeg,ShrubNat,shrub_nat,shrub_nat,5,-100,No crop,-100,No crop,-100,No crop,255,No-burn,255,No-burn,-100,No crop,0,0,160,MedVeg,160,Shrub,160,Shrub,161,MedVeg_noCrop,161,MedVeg_noCrop,161,MedVeg_noCrop,161,MedVeg_noCrop,160,MedVeg,160,MedVeg,160,MedVeg,160,MedVeg
166,162,                    natural shrubland,shrubland,MedVeg,160,161,162,162,,,natural shrubland,,,,MedVeg,ShrubNat,shrub_nat,shrubland,5,-100,No crop,-100,No crop,-100,No crop,255,No-burn,255,No-burn,-100,No crop,0,0,160,MedVeg,160,Shrub,160,Shrub,161,MedVeg_noCrop,161,MedVeg_noCrop,161,MedVeg_noCrop,161,MedVeg_noCrop,160,MedVeg,160,MedVeg,160,MedVeg,160,MedVeg
167,163,"                    mixed urban vegetation (not grass, tree or ag)",shrub_urban,MedVeg,160,161,163,163,,,"mixed urban vegetation (not grass, tree or ag)",,,        low urban vegetation (not grass or ag),MedVeg,ShrubNat,shrub_urban,shrub_urban,5,-100,No crop,-100,No crop,-100,No crop,255,No-burn,255,No-burn,-100,No crop,0,0,160,MedVeg,160,Shrub,160,Shrub,161,MedVeg_noCrop,161,MedVeg_noCrop,161,MedVeg_noCrop,161,MedVeg_noCrop,160,MedVeg,160,MedVeg,160,MedVeg,160,MedVeg
170,164,                    medium wet veg,shrub_wet,MedVeg,160,161,164,164,,,medium wet veg,,,,MedVeg,ShrubNat,shrub_wet,shrub_wet,5,-100,No crop,-100,No crop,-100,No crop,255,No-burn,255,No-burn,-100,No crop,0,0,160,MedVeg,160,Shrub,160,Shrub,161,MedVeg_noCrop,161,MedVeg_noCrop,161,MedVeg_noCrop,161,MedVeg_noCrop,160,MedVeg,160,MedVeg,160,MedVeg,160,MedVeg
168,165,                    medium growth,shrub_growth,MedVeg,160,161,165,165,,,medium growth,,,,MedVeg,ShrubNat,shrub_growth,shrub_growth,2,-100,No crop,-100,No crop,-100,No crop,255,No-burn,255,No-burn,-100,No crop,0,0,160,MedVeg,160,Shrub,160,Shrub,161,MedVeg_noCrop,161,MedVeg_noCrop,161,MedVeg_noCrop,161,MedVeg_noCrop,160,MedVeg,160,MedVeg,160,MedVeg,160,MedVeg
171,166,                   succulents,succulent,MedVeg,160,161,166,166,,,succulents,,,,MedVeg,ShrubNat,succulent,succulent,10,-100,No crop,-100,No crop,-100,No crop,255,No-burn,255,No-burn,-100,No crop,0,0,160,MedVeg,160,Shrub,160,Shrub,161,MedVeg_noCrop,161,MedVeg_noCrop,161,MedVeg_noCrop,161,MedVeg_noCrop,160,MedVeg,160,MedVeg,160,MedVeg,160,MedVeg
169,167,                           shrub fallow or transitional medium regrowth,shrub_regrowth,MedVeg,160,161,165,165,,,,shrub fallow or transitional medium regrowth,,                area was previously higher veg and or non-natural low veg,MedVeg,ShrubNat,shrub_growth,shrub_growth,2,-100,No crop,-100,No crop,-100,No crop,255,No-burn,255,No-burn,-100,No crop,0,0,160,MedVeg,160,Shrub,160,Shrub,161,MedVeg_noCrop,161,MedVeg_noCrop,161,MedVeg_noCrop,161,MedVeg_noCrop,160,MedVeg,160,MedVeg,160,MedVeg,160,MedVeg
174,168,       heavily shaded med to high vegetation,shaded_veg,MedVeg,160,170,168,168,,,heavily shaded med to high vegetation,,,"shaded by landscape or structures on ground, not clouds",MedVeg,mixed lowHigh,shaded_veg,shaded_veg,0,-100,No crop,-100,No crop,-100,No crop,255,No-burn,255,No-burn,-100,No crop,0,0,160,MedVeg,160,Shrub,160,Shrub,161,MedVeg_noCrop,161,MedVeg_noCrop,161,MedVeg_noCrop,161,MedVeg_noCrop,160,MedVeg,160,MedVeg,160,MedVeg,160,MedVeg
172,169,                    burnt-woody,burnt_woody,MedVeg,160,161,169,169,,,burnt-woody,,,"shrubs or trees burnt & browned during the year but does not appear cleared (if trees, recover within year, else 239)",MedVeg,ShrubNat,char_woody,char_woody,0,-100,No crop,-100,No crop,-100,No crop,95,Burn,169,Burned-woody,-100,No crop,0,0,160,MedVeg,160,Shrub,160,Shrub,161,MedVeg_noCrop,161,MedVeg_noCrop,161,MedVeg_noCrop,161,MedVeg_noCrop,160,MedVeg,169,char_high,169,char_high,169,char_high
173,170,Mixed Veg levels ,mixed_lowHigh,MedVeg,160,170,170,170,,Mixed Veg levels,,,,,MedVeg,mixed lowHigh,mixed lowHigh,mixed lowHigh,5,-100,No crop,-100,No crop,-100,No crop,255,No-burn,255,No-burn,-100,No crop,0,0,160,MedVeg,160,Shrub,160,Shrub,161,MedVeg_noCrop,161,MedVeg_noCrop,161,MedVeg_noCrop,161,MedVeg_noCrop,0,nodata,0,nodata,0,nodata,0,nodata
175,171,       grassland with med or high vegetation,mixed_grassHigh,MedVeg,160,170,171,171,,,grassland with med or high vegetation,,,grassland with any perceptible shrub or tree cover outside of normal grass definitions (e.g. savanna has up to 30% grass,,mixed lowHigh,mixed_grassHigh,mixed_grassHigh,5,-100,No crop,-100,No crop,-100,No crop,255,No-burn,255,No-burn,-100,No crop,0,0,160,MedVeg,160,Shrub,160,Shrub,161,MedVeg_noCrop,161,MedVeg_noCrop,161,MedVeg_noCrop,171,mixed_grassHigh,171,mixed_grassHigh,171,mixed_grassHigh,171,mixed_grassHigh,171,mixed_grassHigh
176,172,            dry woodland,grass_tree_dry,MedVeg,160,170,171,172,,,,dry woodland,,"grass dominated ecosystem with 10-30% tree cover, in dry climates where this is considered forest",MedVeg,mixed lowHigh,mixed_grassHigh,grass_tree_dry,10,-100,No crop,-100,No crop,-100,No crop,255,No-burn,255,No-burn,-100,No crop,0,0,160,MedVeg,160,Shrub,160,Shrub,161,MedVeg_noCrop,161,MedVeg_noCrop,161,MedVeg_noCrop,171,mixed_grassHigh,171,mixed_grassHigh,171,mixed_grassHigh,171,mixed_grassHigh,171,mixed_grassHigh
181,173,      vines,vine,MedVeg,160,170,173,173,,,vines,,,"dominant cover is vines,growing over >30% med or high veg",MedVeg,mixed lowHigh,vine,vine,5,-100,No crop,-100,No crop,-100,No crop,255,No-burn,255,No-burn,-100,No crop,0,0,160,MedVeg,160,Shrub,160,Shrub,161,MedVeg_noCrop,161,MedVeg_noCrop,161,MedVeg_noCrop,161,MedVeg_noCrop,160,MedVeg,160,MedVeg,160,MedVeg,160,MedVeg
184,174,    mix of med or high and low veg along water way,rip_mixed,MedVeg,160,170,174,174,,,mixed riparian vegetation,,,"can contain some water or rocks, but mostly veg",MedVeg,mixed lowHigh,rip_mixed,rip_mixed,5,-100,No crop,-100,No crop,-100,No crop,255,No-burn,255,No-burn,-100,No crop,0,0,160,MedVeg,160,Shrub,160,Shrub,161,MedVeg_noCrop,161,MedVeg_noCrop,161,MedVeg_noCrop,161,MedVeg_noCrop,160,MedVeg,170,mixed_lowHighOther,170,mixed_lowHighOther,160,MedVeg
177,175,            grass with any evience of shrubs or trees,grass_impure,MedVeg,160,170,171,175,,,,grass with any evience of shrubs or trees,,"grass dominant, but not pure. doesn't fit into other cats. For purity samples targeting pure grass",MedVeg,mixed lowHigh,mixed_grassHigh,grass_impure,5,-100,No crop,-100,No crop,-100,No crop,255,No-burn,255,No-burn,-100,No crop,0,0,160,MedVeg,160,Shrub,160,Shrub,161,MedVeg_noCrop,161,MedVeg_noCrop,161,MedVeg_noCrop,161,MedVeg_noCrop,171,mixed_grassHigh,171,mixed_grassHigh,171,mixed_grassHigh,171,mixed_grassHigh
178,176,            tropical or semi-tropical grassland with trees,grass_tree_mix,MedVeg,160,170,171,176,,,,tropical or semi-tropical grassland with trees,,">30% trees & >30% grass, (30-70% closed canopy)",MedVeg,mixed lowHigh,mixed_grassHigh,grass_tree_mix,10,-100,No crop,-100,No crop,-100,No crop,255,No-burn,255,No-burn,-100,No crop,0,0,160,MedVeg,160,Shrub,160,Shrub,161,MedVeg_noCrop,161,MedVeg_noCrop,161,MedVeg_noCrop,161,MedVeg_noCrop,171,mixed_grassHigh,171,mixed_grassHigh,171,mixed_grassHigh,171,mixed_grassHigh
179,177,      swidden agricultural system (intermittant forest and crop),crop_swidden,MedVeg,160,170,177,177,,,swidden agricultural system (intermittant forest and crop),,,"for maps with long temporal compilations (for short-range maps, use current state)",MedVeg,MedVeg,crop_swidden,crop_swidden,10,-100,No crop,-100,No crop,-100,No crop,255,No-burn,255,No-burn,-100,No crop,0,0,160,MedVeg,160,Shrub,160,Shrub,137,Mixed crop,137,Mixed crop,137,Mixed crop,137,Mixed crop,160,MedVeg,160,MedVeg,160,MedVeg,160,MedVeg
182,178,            natural vines,vine_natural,MedVeg,160,170,177,177,,,,natural vines,,,MedVeg,mixed lowHigh,vine,vine_natural,5,-100,No crop,-100,No crop,-100,No crop,255,No-burn,255,No-burn,-100,No crop,0,0,160,MedVeg,160,Shrub,160,Shrub,161,MedVeg_noCrop,161,MedVeg_noCrop,161,MedVeg_noCrop,161,MedVeg_noCrop,160,MedVeg,160,MedVeg,160,MedVeg,160,MedVeg
183,179,            invasive vines,vine_invasive,MedVeg,160,170,177,177,,,,invasive vines,, (e.g. Kudzu),MedVeg,mixed lowHigh,vine,vine_invasive,3,-100,No crop,-100,No crop,-100,No crop,255,No-burn,255,No-burn,-100,No crop,0,0,160,MedVeg,160,Shrub,160,Shrub,161,MedVeg_noCrop,161,MedVeg_noCrop,161,MedVeg_noCrop,161,MedVeg_noCrop,160,MedVeg,160,MedVeg,160,MedVeg,160,MedVeg
192,180,HighVeg,HighVeg_any,HighVeg,180,180,180,180,HighVeg,,,,,,HighVeg,HighVeg_any,HighVeg_any,HighVeg_any,3,-100,No crop,-100,No crop,-100,No crop,255,No-burn,255,No-burn,-100,No crop,0,0,180,HighVeg,160,Shrub,160,Shrub,161,MedVeg_noCrop,161,MedVeg_noCrop,161,MedVeg_noCrop,161,MedVeg_noCrop,160,MedVeg,160,MedVeg,225,forest_lowDen,225,forest_lowDen
185,181,    mixed HighVeg and NoVeg,mixed_highNo,MedVeg,160,170,181,181,,,mixed HighVeg and NoVeg,,,,,mixed lowHigh,mixed_highNo,mixed_highNo,5,-100,No crop,-100,No crop,-100,No crop,255,No-burn,255,No-burn,-100,No crop,0,0,160,MedVeg,160,Shrub,160,Shrub,161,MedVeg_noCrop,161,MedVeg_noCrop,161,MedVeg_noCrop,161,MedVeg_noCrop,160,MedVeg,170,mixed_lowHighOther,170,mixed_lowHighOther,160,MedVeg
189,182,                    young conifer plantation,treeplant_young_conifer,MedVeg,160,170,181,183,,,,,conifer,,HighVeg,mixed lowHigh,treeplant_young,treeplant_young_conifer,2,-100,No crop,-100,No crop,-100,No crop,255,No-burn,255,No-burn,-100,No crop,0,0,207,TreePlant,160,Shrub,160,Shrub,161,MedVeg_noCrop,161,MedVeg_noCrop,161,MedVeg_noCrop,161,MedVeg_noCrop,160,MedVeg,170,mixed_lowHighOther,170,mixed_lowHighOther,160,MedVeg
180,183,      intercropping with shrubs,crop_wshrub,MedVeg,160,170,187,187,,,intercropping with shrubs,,,e.g. for water management in the Sahel,MedVeg,MedVeg,crop_wshrub,crop_wshrub,5,100,crop,0,noData,150,Shrub or Tree crop,0,nodata,0,nodata,100,unknown_crop,0,0,160,MedVeg,160,Shrub,160,Shrub,137,Mixed crop,137,Mixed crop,137,Mixed crop,137,Mixed crop,160,MedVeg,160,MedVeg,160,MedVeg,160,MedVeg
186,184,            tree-water mix - upland,tree-water-mix,MedVeg,160,170,181,184,,,,tree-water mix,,"mixed 30-70% tree or HighVeg canopy, 30-70% water. (if trees are in water, use wetland categories. If >70% tree, use riparian forest. If >70% water, use water)",MedVeg,mixed lowHigh,highNo_mix,tree-water-mix,10,-100,No crop,-100,No crop,-100,No crop,255,nodata,0,nodata,-100,No crop,0,0,180,HighVeg,160,Shrub,160,Shrub,161,MedVeg_noCrop,161,MedVeg_noCrop,161,MedVeg_noCrop,170,mixed_lowHighOther,160,MedVeg,170,mixed_lowHighOther,170,mixed_lowHighOther,160,MedVeg
190,185,                   young broadleaf plantation ,treeplant_young_broad,MedVeg,160,170,181,183,,,,,broadleaf,,HighVeg,mixed lowHigh,treeplant_young,treeplant_young_broad,2,-100,No crop,-100,No crop,-100,No crop,255,No-burn,255,No-burn,-100,No crop,0,0,207,TreePlant,160,Shrub,160,Shrub,161,MedVeg_noCrop,161,MedVeg_noCrop,161,MedVeg_noCrop,170,mixed_lowHighOther,160,MedVeg,170,mixed_lowHighOther,170,mixed_lowHighOther,160,MedVeg
187,186,"            mixed HighVeg, LowVeg and NoVeg",mixed_highNoLow,MedVeg,160,170,181,181,,,,"mixed HighVeg, LowVeg and NoVeg",,,,mixed lowHigh,mixed_highNoLow,mixed_highNoLow,5,-100,No crop,-100,No crop,-100,No crop,0,nodata,0,nodata,-100,No crop,0,0,160,MedVeg,160,Shrub,160,Shrub,161,MedVeg_noCrop,161,MedVeg_noCrop,161,MedVeg_noCrop,170,mixed_lowHighOther,160,MedVeg,170,mixed_lowHighOther,170,mixed_lowHighOther,160,MedVeg
188,187,             young tree plantation,treeplant_young,MedVeg,160,170,181,183,,,,young tree plantation,,1-2 yrs,HighVeg,mixed lowHigh,treeplant_young,treeplant_young,2,-100,No crop,-100,No crop,-100,No crop,255,No-burn,255,No-burn,-100,No crop,0,0,207,TreePlant,160,Shrub,160,Shrub,161,MedVeg_noCrop,161,MedVeg_noCrop,161,MedVeg_noCrop,170,mixed_lowHighOther,160,MedVeg,170,mixed_lowHighOther,170,mixed_lowHighOther,160,MedVeg
193,188,             immature trees - not managed,trees_young,HighVeg,180,188,188,188,,Immature trees - not managed,,,,3-5 yrs,HighVeg,Trees_young,trees_young,trees_young,3,-100,No crop,-100,No crop,-100,No crop,255,No-burn,255,No-burn,-100,No crop,0,0,180,HighVeg,160,Shrub,160,Shrub,161,MedVeg_noCrop,161,MedVeg_noCrop,161,MedVeg_noCrop,170,mixed_lowHighOther,215,trees_open,215,trees_open,225,forest_lowDen,225,forest_lowDen
194,189,             shrub or tree encroachment,shrub_encroach,HighVeg,180,170,170,189,,,shrub or tree encroachment,,,shrubs or tree dominating area that was formerly natural low veg ,MedVeg,ShrubNat,shrub_growth,shrub_growth,3,-100,No crop,-100,No crop,-100,No crop,255,No-burn,255,No-burn,-100,No crop,0,0,180,HighVeg,160,Shrub,160,Shrub,161,MedVeg_noCrop,161,MedVeg_noCrop,161,MedVeg_noCrop,170,mixed_lowHighOther,160,MedVeg,160,MedVeg,170,mixed_lowHighOther,160,MedVeg
196,190,              Tree crops,treecrop_any,Trees,200,190,190,190,,Tree crops,,,,,Trees,TreeCrop,treecrop_any,treecrop_any,5,-100,No crop,-100,No crop,150,Shrub or Tree crop,255,No-burn,255,No-burn,190,orchard,0,0,150,Shrub or Tree crop,200,Trees,200,Trees,190,treeCrop,190,treeCrop,190,treeCrop,190,treeCrop,215,trees_open,215,trees_open,207,treeplant,207,treeplant
197,191,                   orchard,orchard_any,Trees,200,190,191,191,,,Orchard,,,,Trees,TreeCrop,orchard,orchard_any,5,-100,No crop,-100,No crop,150,Shrub or Tree crop,255,No-burn,255,No-burn,190,orchard,0,0,150,Shrub or Tree crop,200,Trees,200,Trees,190,treeCrop,190,treeCrop,190,treeCrop,190,treeCrop,215,trees_open,215,trees_open,207,treeplant,207,treeplant
198,192,                         citrus,orchard_citrus,Trees,200,190,191,192,,,,citrus,,,Trees,TreeCrop,orchard,orchard_citrus,5,-100,No crop,-100,No crop,150,Shrub or Tree crop,255,No-burn,255,No-burn,190,orchard,0,0,150,Shrub or Tree crop,200,Trees,200,Trees,190,treeCrop,190,treeCrop,190,treeCrop,190,treeCrop,215,trees_open,215,trees_open,207,treeplant,207,treeplant
199,193,                         pome or drupe,orchard_pome,Trees,200,190,191,193,,,,pome or drupe,,,Trees,TreeCrop,orchard,orchard_pome,5,-100,No crop,-100,No crop,150,Shrub or Tree crop,255,No-burn,255,No-burn,190,orchard,0,0,150,Shrub or Tree crop,200,Trees,200,Trees,190,treeCrop,190,treeCrop,190,treeCrop,190,treeCrop,215,trees_open,215,trees_open,207,treeplant,207,treeplant
200,194,                         tree nuts,orchard_nuts,Trees,200,190,191,194,,,,tree nuts,,,Trees,TreeCrop,orchard,orchard_nuts,5,-100,No crop,-100,No crop,150,Shrub or Tree crop,255,No-burn,255,No-burn,190,orchard,0,0,150,Shrub or Tree crop,200,Trees,200,Trees,190,treeCrop,190,treeCrop,190,treeCrop,190,treeCrop,215,trees_open,215,trees_open,207,treeplant,207,treeplant
201,195,                         rubber,rubber,Trees,200,190,195,195,,,rubber,,,,Trees,TreeCrop,crop_rubber,rubber,10,-100,No crop,-100,No crop,-100,No crop,255,No-burn,255,No-burn,190,orchard,0,0,207,TreePlant,200,Trees,200,Trees,217,Trees_plantation,217,Trees_plantation,217,Trees_plantation,217,Trees_plantation,215,trees_open,215,trees_open,207,treeplant,207,treeplant
202,196,                   palm plantation,palm_plant_any,Trees,200,190,196,196,,,palm plantation,,,,Trees,TreeCrop,crop_palm,palm_plant_any,5,-100,No crop,-100,No crop,150,Shrub or Tree crop,255,No-burn,255,No-burn,190,orchard,0,0,150,Shrub or Tree crop,200,Trees,200,Trees,217,Trees_plantation,217,Trees_plantation,217,Trees_plantation,217,Trees_plantation,215,trees_open,215,trees_open,207,treeplant,207,treeplant
205,197,                   closed-canopy orchard,orchard_closed,Trees,200,190,197,197,,,Trees-Orchard-closed,,,">80% tree cover, no gaps seen between trees",Trees,TreeCrop,orchard,orchard_closed,5,-100,No crop,-100,No crop,150,Shrub or Tree crop,255,No-burn,255,No-burn,190,orchard,0,0,150,Shrub or Tree crop,200,Trees,200,Trees,217,Trees_plantation,217,Trees_plantation,217,Trees_plantation,217,Trees_plantation,215,trees_open,215,trees_open,207,treeplant,207,treeplant
204,198,                         coconut,palm_plant_coconut,Trees,200,190,196,198,,,,coconut,,,Trees,TreeCrop,crop_palm,Palm_plant_coconut,5,-100,No crop,-100,No crop,150,Shrub or Tree crop,255,No-burn,255,No-burn,190,orchard,0,0,150,Shrub or Tree crop,200,Trees,200,Trees,217,Trees_plantation,217,Trees_plantation,217,Trees_plantation,217,Trees_plantation,215,trees_open,215,trees_open,207,treeplant,207,treeplant
203,199,                         oil palm,palm_plant_oil,Trees,200,190,199,199,,,,oil palm,,,Trees,TreeCrop,crop_palm,palm_plant_oil,5,-100,No crop,-100,No crop,150,Shrub or Tree crop,255,No-burn,255,No-burn,190,orchard,0,0,150,Shrub or Tree crop,200,Trees,200,Trees,217,Trees_plantation,217,Trees_plantation,217,Trees_plantation,217,Trees_plantation,215,trees_open,215,trees_open,207,treeplant,207,treeplant
195,200,Mature Trees,Trees_any,Trees,200,200,200,200,Mature Trees,,,,,"Trees  5 m tall, >20% total vegetation cover",Trees,Trees_any,Trees_any,Trees_any,10,-100,No crop,-100,No crop,-100,No crop,255,No-burn,255,No-burn,-100,No crop,0,0,200,Trees,200,Trees,200,Trees,200,Trees_nat,200,Trees_nat,200,Trees_nat,200,Trees_nat,215,trees_open,215,trees_open,0,nodata,0,nodata
209,202,                   conifer,treeplant_conifer,Trees,200,207,217,202,,,,conifer,,,Trees,TreePlant,treeplant_mature,treeplant_conifer,5,-100,No crop,-100,No crop,-100,No crop,255,No-burn,255,No-burn,-100,No crop,0,0,207,TreePlant,200,Trees,200,Trees,217,Trees_plantation,217,Trees_plantation,217,Trees_plantation,217,Trees_plantation,207,treeplant,207,treeplant,207,treeplant,207,treeplant
210,203,                   bamboo,treeplant_bamboo,Trees,200,207,217,203,,,,bamboo,,TreePlant_dense,Trees,TreePlant,treeplant_mature,treeplant_bamboo,10,-100,No crop,-100,No crop,-100,No crop,255,No-burn,255,No-burn,-100,No crop,0,0,207,TreePlant,200,Trees,200,Trees,217,Trees_plantation,217,Trees_plantation,217,Trees_plantation,217,Trees_plantation,207,treeplant,207,treeplant,207,treeplant,207,treeplant
211,205,"                   broadleaf, contiguous or dense",treeplant_dense,Trees,200,207,217,205,,,,"broadleaf, contiguous or dense",,,Trees,TreePlant,treeplant_mature,treeplant_broad,10,-100,No crop,-100,No crop,-100,No crop,255,No-burn,255,No-burn,-100,No crop,0,0,207,TreePlant,200,Trees,200,Trees,217,Trees_plantation,217,Trees_plantation,217,Trees_plantation,217,Trees_plantation,207,treeplant,207,treeplant,207,treeplant,207,treeplant
212,206,                             eucalyptus,treeplant_eucalyptus,Trees,200,207,217,205,,,,,eucalyptus,,Trees,TreePlant,treeplant_mature,treeplant_broad,10,-100,No crop,-100,No crop,-100,No crop,255,No-burn,255,No-burn,-100,No crop,0,0,207,TreePlant,200,Trees,200,Trees,217,Trees_plantation,217,Trees_plantation,217,Trees_plantation,217,Trees_plantation,207,treeplant,207,treeplant,207,treeplant,207,treeplant
206,207,              TreePlant,treeplant,Trees,200,207,207,207,,TreePlant,,,,"for maps with long temporal compilations(for short term maps, should use age cat)",Trees,TreePlant,treeplant,treeplant,5,-100,No crop,-100,No crop,-100,No crop,255,No-burn,255,No-burn,-100,No crop,0,0,207,TreePlant,200,Trees,200,Trees,217,Trees_plantation,217,Trees_plantation,217,Trees_plantation,217,Trees_plantation,207,treeplant,207,treeplant,207,treeplant,207,treeplant
214,208,                             paraiso or other local,treeplant_other,Trees,200,207,217,205,,,,,paraiso or other local,,Trees,TreePlant,treeplant_mature,treeplant_broad,10,-100,No crop,-100,No crop,-100,No crop,255,No-burn,255,No-burn,-100,No crop,0,0,207,TreePlant,200,Trees,200,Trees,217,Trees_plantation,217,Trees_plantation,217,Trees_plantation,217,Trees_plantation,207,treeplant,207,treeplant,207,treeplant,207,treeplant
213,209,                             teak,treeplant_teak,Trees,200,207,217,205,,,,,teak,,Trees,TreePlant,treeplant_mature,treeplant_broad,10,-100,No crop,-100,No crop,-100,No crop,255,No-burn,255,No-burn,-100,No crop,0,0,207,TreePlant,200,Trees,200,Trees,217,Trees_plantation,217,Trees_plantation,217,Trees_plantation,217,Trees_plantation,207,treeplant,207,treeplant,207,treeplant,207,treeplant
191,211,            path through trees,tree_path,HighVeg,160,170,181,211,,,,path through trees,,,Trees,Trees_open,tree_path,tree_path,3,-100,No crop,-100,No crop,-100,No crop,255,No-burn,255,No-burn,-100,No crop,0,0,180,HighVeg,160,Shrub,160,Shrub,200,Trees_nat,200,Trees_nat,215,Trees_open,215,Trees_open,50,mixed_LowNo,170,mixed_lowHighOther,201,rd_trees,50,mixed_LowNo
216,212,                      forest edge,forest_edge,Trees,200,215,212,212,,,forest edge,,," <10m from edge, but >50% tree cover in pixel (if edge is river, use riparian forest)",Trees,Trees_open,forest_edge,forest_edge,10,-100,No crop,-100,No crop,-100,No crop,255,No-burn,255,No-burn,-100,No crop,0,0,200,Trees,200,Trees,200,Trees,200,Trees_nat,200,Trees_nat,215,Trees_open,215,Trees_open,215,trees_open,215,trees_open,225,forest_lowDen,225,forest_lowDen
217,213,                     residential or urban trees,trees_dev,Trees,200,215,213,213,,,residential or urban trees,,,,Trees,Trees_open,trees_dev,trees_dev,10,-100,No crop,-100,No crop,-100,No crop,255,No-burn,255,No-burn,-100,No crop,0,0,200,Trees,200,Trees,200,Trees,200,Trees_nat,200,Trees_nat,215,Trees_open,215,Trees_open,215,trees_open,215,trees_open,225,forest_lowDen,225,forest_lowDen
218,214,                     baobab,baobab,Trees,200,214,214,214,,,baobab,,,,Trees,Trees_open,baobab,baobab,10,-100,No crop,-100,No crop,-100,No crop,255,No-burn,255,No-burn,-100,No crop,0,0,200,Trees,200,Trees,200,Trees,200,Trees_nat,200,Trees_nat,215,Trees_open,215,Trees_open,215,trees_open,215,trees_open,225,forest_lowDen,225,forest_lowDen
215,215,                 trees outside forest,trees_open,Trees,200,215,215,215,,Trees outside forest,,,,,Trees,Trees_open,trees_open,trees_open,10,-100,No crop,-100,No crop,-100,No crop,255,No-burn,255,No-burn,-100,No crop,0,0,200,Trees,200,Trees,200,Trees,200,Trees_nat,200,Trees_nat,215,Trees_open,215,Trees_open,215,trees_open,215,trees_open,225,forest_lowDen,225,forest_lowDen
208,216,                   open or sparse but mature,treeplant_open,Trees,200,207,217,216,,,,open or sparse but mature,,"unusually sparse for species, but persists more than 5 yrs",Trees,TreePlant,treeplant_mature,treeplant_open,5,-100,No crop,-100,No crop,-100,No crop,255,No-burn,255,No-burn,-100,No crop,0,0,207,TreePlant,200,Trees,200,Trees,217,Trees_plantation,217,Trees_plantation,217,Trees_plantation,217,Trees_plantation,207,treeplant,207,treeplant,207,treeplant,207,treeplant
207,217,              tree plantation mature,treeplant_mature,Trees,200,207,217,217,,,TreePlant-mature,,,>=3 years,Trees,TreePlant,treeplant_mature,treeplant_mature,5,-100,No crop,-100,No crop,-100,No crop,255,No-burn,255,No-burn,-100,No crop,0,0,207,TreePlant,200,Trees,200,Trees,217,Trees_plantation,217,Trees_plantation,217,Trees_plantation,217,Trees_plantation,207,treeplant,207,treeplant,207,treeplant,207,treeplant
219,218,                     cecropia or musanga,trees_second,Trees,200,215,218,218,,,cecropia or musanga,,,fast-growing secondary forest trees,Trees,Trees_open,trees_second,trees_second,5,-100,No crop,-100,No crop,-100,No crop,255,No-burn,255,No-burn,-100,No crop,0,0,200,Trees,200,Trees,200,Trees,200,Trees_nat,200,Trees_nat,200,Trees_nat,200,Trees_nat,215,trees_open,215,trees_open,225,forest_lowDen,225,forest_lowDen
220,219,                     high-severity forest fire or burnt forest,forest_burn_high,Trees,200,220,219,219,,,high-severity forest fire or burnt forest,,,burning that reaches canopy and causes long term damage (otherwise 169),Trees,Forest,burnt_woody,forest_burn_high,1,-100,No crop,-100,No crop,-100,No crop,95,Burn,169,Burned-woody,-100,No crop,0,0,200,Trees,200,Trees,200,Trees,200,Trees_nat,200,Trees_nat,215,Trees_open,95,Burn,215,trees_open,215,trees_open,225,forest_lowDen,225,forest_lowDen
221,220,                 forest,forest_any,Trees,220,220,220,220,,Forest,,,,,Trees,Forest,forest_any,forest_any,10,-100,No crop,-100,No crop,-100,No crop,255,No-burn,255,No-burn,-100,No crop,0,0,220,Trees,200,Trees,200,Trees,200,Trees_nat,200,Trees_nat,200,Trees_nat,225,Forest_lowden,220,forest,220,forest,225,forest_lowDen,225,forest_lowDen
223,221,                            palm forest,forest_palm,Trees,200,220,225,221,,,,palm forest,,>70% canopy closure of homogenous palm trees or other forest with prominent palms,Trees,Forest,forest_lowden,forest_palm,10,-100,No crop,-100,No crop,-100,No crop,255,No-burn,255,No-burn,-100,No crop,0,0,200,Trees,200,Trees,200,Trees,200,Trees_nat,200,Trees_nat,215,Trees_open,215,Trees_open,220,forest,220,forest,225,forest_lowDen,225,forest_lowDen
224,222,                           montane conifer forest,forest_conifer_mt,Trees,200,220,225,222,,,,montane conifer forest,,,Trees,Forest,forest_lowden,forest_conifer_mt,10,-100,No crop,-100,No crop,-100,No crop,255,No-burn,255,No-burn,-100,No crop,0,0,200,Trees,200,Trees,200,Trees,200,Trees_nat,200,Trees_nat,215,Trees_open,215,Trees_open,220,forest,220,forest,225,forest_lowDen,225,forest_lowDen
229,223,                           degraded forest,forest_degraded,Trees,200,220,225,229,,,,degraded forest,,"still forest, but canopy has lost > 30% productive cover ",Trees,Forest,forest_lowden,forest_disturbed,10,-100,No crop,-100,No crop,-100,No crop,255,No-burn,255,No-burn,-100,No crop,0,0,200,Trees,200,Trees,200,Trees,200,Trees_nat,200,Trees_nat,215,Trees_open,215,Trees_open,220,forest,220,forest,225,forest_lowDen,225,forest_lowDen
225,224,                            montane broadleaf forest or cloud forest,forest_cloud,Trees,200,220,225,224,,,,montane broadleaf forest or cloud forest,,,Trees,Forest,forest_lowden,forest_cloud,10,-100,No crop,-100,No crop,-100,No crop,255,No-burn,255,No-burn,-100,No crop,0,0,200,Trees,200,Trees,200,Trees,200,Trees_nat,200,Trees_nat,200,Trees_nat,225,Forest_lowden,220,forest,220,forest,225,forest_lowDen,225,forest_lowDen
222,225,                    lower-density forest,forest_lowden_any,Trees,200,220,225,225,,,lower-density forest,,,,Trees,Forest,forest_lowden,forest_lowden_any,10,-100,No crop,-100,No crop,-100,No crop,255,No-burn,255,No-burn,-100,No crop,0,0,200,Trees,200,Trees,200,Trees,200,Trees_nat,200,Trees_nat,215,Trees_open,225,Forest_lowden,220,forest,220,forest,225,forest_lowDen,225,forest_lowDen
227,226,                           shrub forest or thorn woodland,forest_shrub,Trees,200,220,225,226,,,,shrub forest or thorn woodland,,">70% crown cover when green, but has deciduous period (~sept)",Trees,Forest,forest_lowden,forest_shrub,10,-100,No crop,-100,No crop,-100,No crop,255,No-burn,255,No-burn,-100,No crop,0,0,200,Trees,200,Trees,200,Trees,200,Trees_nat,200,Trees_nat,200,Trees_nat,225,Forest_lowden,220,forest,220,forest,225,forest_lowDen,225,forest_lowDen
228,227,                           other open forest,forest_open,Trees,200,220,225,227,,,,other open forest,,Mature trees with gaps (>70% closed canopy) or,Trees,Forest,forest_lowden,forest_open,10,-100,No crop,-100,No crop,-100,No crop,255,No-burn,255,No-burn,-100,No crop,0,0,200,Trees,200,Trees,200,Trees,200,Trees_nat,200,Trees_nat,215,Trees_open,225,Forest_lowden,220,forest,220,forest,225,forest_lowDen,225,forest_lowDen
226,228,                            young broadleaf forest,forest_young,Trees,200,220,225,228,,,,young broadleaf forest,,> 5 and < 15 yrs,Trees,Forest,forest_lowden,forest_young,10,-100,No crop,-100,No crop,-100,No crop,255,No-burn,255,No-burn,-100,No crop,0,0,200,Trees,200,Trees,200,Trees,200,Trees_nat,200,Trees_nat,200,Trees_nat,225,Forest_lowden,220,forest,220,forest,225,forest_lowDen,225,forest_lowDen
230,229,                           disturbed forest,forest_disturbed,Trees,200,220,225,229,,,,disturbed forest,,"canopy of pixel intact, but direct neighbor recently lost canopy",Trees,Forest,forest_lowden,forest_disturbed,10,-100,No crop,-100,No crop,-100,No crop,255,No-burn,255,No-burn,-100,No crop,0,0,200,Trees,200,Trees,200,Trees,200,Trees_nat,200,Trees_nat,215,Trees_open,225,Forest_lowden,220,forest,220,forest,225,forest_lowDen,225,forest_lowDen
231,230,                    forest with altered understory,forest_under,Trees,200,220,225,230,,,forest with altered understory,,,>70% closed canopy,Trees,Forest,forest_under,forest_under,5,-100,No crop,-100,No crop,-100,No crop,255,No-burn,255,No-burn,-100,No crop,0,0,200,Trees,200,Trees,200,Trees,200,Trees_nat,200,Trees_nat,200,Trees_nat,225,Forest_lowden,220,forest,220,forest,225,forest_lowDen,225,forest_lowDen
236,232,                    mature natural coniferous forest,forest_conifer,Trees,200,220,232,232,,,mature natural coniferous forest,,,,Trees,Forest,forest_conifer,forest_conifer,10,-100,No crop,-100,No crop,-100,No crop,255,No-burn,255,No-burn,-100,No crop,0,0,200,Trees,200,Trees,200,Trees,200,Trees_nat,200,Trees_nat,200,Trees_nat,225,Forest_lowden,220,forest,220,forest,225,forest_lowDen,225,forest_lowDen
233,233,                           forest with understory fuel removed,forest_rmunder,Trees,220,220,225,230,,,,forest with understory fuel removed,,,Trees,Forest,forest_under,forest_rmunder,1,-100,No crop,-100,No crop,-100,No crop,255,No-burn,255,No-burn,-100,No crop,0,0,220,Trees,200,Trees,200,Trees,200,Trees_nat,200,Trees_nat,215,Trees_open,225,Forest_lowden,220,forest,220,forest,225,forest_lowDen,225,forest_lowDen
232,234,                           low severity or understory burn in forest,forest_burn_low,Trees,200,220,225,230,,,,low severity or understory burn in forest,,burning of ground & shrub layer only,Trees,Forest,forest_under,forest_burn_low,1,-100,No crop,-100,No crop,-100,No crop,95,Burn,169,Burned-woody,-100,No crop,0,0,200,Trees,200,Trees,200,Trees,200,Trees_nat,200,Trees_nat,200,Trees_nat,95,Burn,220,forest,220,forest,225,forest_lowDen,225,forest_lowDen
235,235,                    mature natural deciduous forest,forest_decid,Trees,200,220,235,235,,,mature natural deciduous forest,,,,Trees,Forest,forest_decid,forest_decid,10,-100,No crop,-100,No crop,-100,No crop,255,No-burn,255,No-burn,-100,No crop,0,0,200,Trees,200,Trees,200,Trees,200,Trees_nat,200,Trees_nat,200,Trees_nat,225,Forest_lowden,220,forest,220,forest,225,forest_lowDen,225,forest_lowDen
237,236,                    mature  natural bamboo forest,forest_bamboo,Trees,200,220,236,236,,,mature natural bamboo forest,,,,Trees,Forest,forest_bamboo,forest_bamboo,10,-100,No crop,-100,No crop,-100,No crop,255,No-burn,255,No-burn,-100,No crop,0,0,200,Trees,200,Trees,200,Trees,200,Trees_nat,200,Trees_nat,200,Trees_nat,225,Forest_lowden,220,forest,220,forest,225,forest_lowDen,225,forest_lowDen
234,237,                           agroforestry - crop understory,trees_agro,Trees,200,220,225,230,,,,agroforestry - crop understory,,,Trees,Forest,forest_under,trees_agro,2,100,No crop,100,No crop,100,No crop,255,No-burn,255,No-burn,-100,No crop,0,0,200,Trees,200,Trees,200,Trees,200,Trees_nat,200,Trees_nat,215,Trees_open,225,Forest_lowden,220,forest,220,forest,225,forest_lowDen,225,forest_lowDen
238,238,                    semi-deciduous forest,forest_semidecid,Trees,200,220,238,238,,,semi-deciduous forest,,,,Trees,Forest,forest_semidecid,forest_semidecid,10,-100,No crop,-100,No crop,-100,No crop,255,No-burn,255,No-burn,-100,No crop,0,0,200,Trees,200,Trees,200,Trees,200,Trees_nat,200,Trees_nat,200,Trees_nat,225,Forest_lowden,220,forest,220,forest,225,forest_lowDen,225,forest_lowDen
239,240,                    swamp (tree- or shrub-dominated wetland),forest_wet,Trees,200,220,240,240,,,swamp (tree- or shrub-dominated wetland),,,,Trees,Forest,forest_wet,forest_wet,10,-100,No crop,-100,No crop,-100,No crop,255,No-burn,255,No-burn,-100,No crop,0,0,200,Trees,200,Trees,200,Trees,200,Trees_nat,200,Trees_nat,200,Trees_nat,240,forest_wet,220,forest,220,forest,225,forest_lowDen,225,forest_lowDen
240,241,                          freshwater swamp,swamp,Trees,200,220,240,241,,,,freshwater swamp,,,Trees,Forest,forest_wet,swamp,10,-100,No crop,-100,No crop,-100,No crop,255,No-burn,255,No-burn,-100,No crop,0,0,200,Trees,200,Trees,200,Trees,200,Trees_nat,200,Trees_nat,200,Trees_nat,240,forest_wet,220,forest,220,forest,225,forest_lowDen,225,forest_lowDen
241,244,                          mangrove,mangrove,Trees,200,220,240,244,,,,mangrove,,"coastal, salt or brackish water",Trees,Forest,forest_wet,mangrove,10,-100,No crop,-100,No crop,-100,No crop,255,No-burn,255,No-burn,-100,No crop,0,0,200,Trees,200,Trees,200,Trees,200,Trees_nat,200,Trees_nat,200,Trees_nat,240,forest_wet,220,forest,220,forest,225,forest_lowDen,225,forest_lowDen
242,249,                          burned or dead mangrove,burned_mangrove,MedVeg,160,169,169,249,,,,burned or dead mangrove,,,MedVeg,ShrubNat,burned_woody,burned_mangrove,1,-100,No crop,-100,No crop,-100,No crop,95,Burn,169,Burned-woody,-100,No crop,0,0,160,MedVeg,160,Shrub,160,Shrub,161,MedVeg_noCrop,161,MedVeg_noCrop,161,MedVeg_noCrop,95,Burn,220,forest,220,forest,225,forest_lowDen,225,forest_lowDen
243,250,"                     mature evergreen boradleaf forest, high density",forest_highden_any,Trees,200,220,250,250,,,"mature evergreen boradleaf forest, high density",,,">70% canopy closure of trees with large, heterogenous crowns",Trees,Forest,forest_highden,forest_highden_any,10,-100,No crop,-100,No crop,-100,No crop,255,No-burn,255,No-burn,-100,No crop,0,0,200,Trees,200,Trees,200,Trees,200,Trees_nat,200,Trees_nat,200,Trees_nat,250,forest_highden,220,forest,220,forest,250,forest_highden,250,forest_highden
244,251,                               secondary evergreen broadleaf forest,forest_growing,Trees,200,220,250,251,,,,secondary evergreen broadleaf forest,,15-30 yrs,Trees,Forest,forest_highden,forest_evergreen_broadleaf,10,-100,No crop,-100,No crop,-100,No crop,255,No-burn,255,No-burn,-100,No crop,0,0,200,Trees,200,Trees,200,Trees,200,Trees_nat,200,Trees_nat,200,Trees_nat,250,forest_highden,220,forest,220,forest,250,forest_highden,250,forest_highden
245,252,                               mature evergreen broadleaf forest,forest_mature,Trees,200,220,250,252,,,,mature evergreen broadleaf forest,,> 30 yrs,Trees,Forest,forest_highden,forest_evergreen_broadleaf,10,-100,No crop,-100,No crop,-100,No crop,255,No-burn,255,No-burn,-100,No crop,0,0,200,Trees,200,Trees,200,Trees,200,Trees_nat,200,Trees_nat,200,Trees_nat,250,forest_highden,220,forest,220,forest,250,forest_highden,250,forest_highden
246,254,                               broadleaf riparian forest,forest_riparian,Trees,200,220,250,254,,,,broadleaf riparian forest,,"within 50 m of river, pixel is < 20% water (otherwise use tree-water mix (if water <80%) or water (if water >=80%) & > 70% forest (otherwise use forest_edge)",Trees,Forest,forest_highden,forest_evergreen_broadleaf,10,-100,No crop,-100,No crop,-100,No crop,255,No-burn,255,No-burn,-100,No crop,0,0,200,Trees,200,Trees,200,Trees,200,Trees_nat,200,Trees_nat,200,Trees_nat,250,forest_highden,220,forest,220,forest,250,forest_highden,250,forest_highden
247,255,,unknown,noData,0,0,0,0,no_event,,,,,For event or short-term condition mapping -- indicates that event orcondition did not occur,unknown,unknown,unknown,unknown,0,0,nodata,0,nodata,0,nodata,0,nodata,0,nodata,0,nodata,0,0,0,nodata,0,unknown,0,unknown,0,nodata,0,nodata,0,nodata,0,nodata,0,nodata,0,nodata,0,nodata,0,nodata
248,999,unknown,unknown,noData,0,0,0,0,unknown,,,,,no idea -- this is a placeholder for data checking and should be removed for all classification,unknown,unknown,unknown,unknown,0,0,nodata,0,nodata,0,nodata,0,nodata,0,nodata,0,nodata,0,0,0,nodata,0,unknown,0,unknown,0,nodata,0,nodata,0,nodata,0,nodata,0,nodata,0,nodata,0,nodata,0,nodata
